 LUCES , NDVI , ZURBANA , AREA , TEMPERATURA , DENSIDAD 
60,0.26,0.14,1.25,31.46,1758
60.5,0.26,0.14,1.37,31.46,2331
60,0.26,0.14,0.13,31.46,1102
62,0.26,0.14,0.17,31.46,186
60.75,0.26,0.13,3.77,31.37,1352
60,0.22,0.16,1.08,32.22,2868
56,0.22,0.16,0.82,32.22,932
60,0.22,0.16,0.13,32.22,1941
56,0.26,0.14,0.58,30.94,2676
56,0.26,0.14,0.78,31.46,1615
60.5,0.24,0.25,1.91,31.65,2680
62,0.2,0.52,1.12,31.07,36
62,0.21,0.36,0.36,30.88,6103
62,0.23,0.29,0.31,31.71,710
62,0.23,0.29,0.54,31.71,196
62,0.21,0.5,1.01,31.24,3497
62,0.17,0.58,1.82,31.82,2593
62,0.16,0.62,0.79,32.41,5487
56,0.21,0.36,0.68,30.88,3655
56,0.21,0.36,0.57,30.88,3685
62,0.21,0.36,0.57,30.88,6170
62,0.21,0.36,0.43,30.88,6405
62,0.21,0.48,1.38,31.29,2690
62,0.21,0.49,1.88,31.27,2191
62,0.23,0.29,0.97,31.71,1792
62,0.23,0.29,0.49,31.71,3516
56,0.21,0.36,0.37,30.88,2237
62,0.19,0.53,0.26,31.23,1606
62,0.16,0.62,0.17,32.41,7844
62,0.16,0.62,0.45,32.41,12669
60,0.16,0.62,0.43,32.41,18444
62,0.16,0.62,0.17,32.41,9367
62,0.17,0.59,0.89,31.94,4722
60,0.16,0.62,0.37,32.41,11188
62,0.16,0.62,0.12,32.41,11104
62,0.16,0.62,0.24,32.41,13191
60,0.16,0.62,0.22,32.41,11662
60,0.16,0.62,0.2,32.41,7956
60,0.16,0.62,0.2,32.41,8432
60,0.16,0.62,0.29,32.41,9179
61,0.26,0.14,0.85,30.67,2175
10.35,0.27,0.14,11.62,29.31,324
51,0.28,0.13,0.49,28.76,3067
51,0.28,0.13,0.02,28.76, -   
51,0.3,0.12,3.56,27.79,1843
28.85,0.3,0.22,6.55,26.62,615
49.87,0.28,0.14,3.52,27.4,2399
62,0.27,0.14,0.37,27.17,6214
50.22,0.3,0.12,2.14,27.62,2093
22,0.29,0.19,3.71,27.42,852
51,0.29,0.12,1.08,28.17,2924
32,0.28,0.13,0.31,28.76,8740
51,0.28,0.11,0.19,28.08,14910
51,0.28,0.11,0.34,28.08,11322
55,0.28,0.23,1.13,28.03,3735
46,0.28,0.23,0.72,28.03,6117
46,0.28,0.23,0.4,28.03,1719
44,0.31,0.26,1.31,25.77,4237
44.29,0.31,0.26,1.34,25.77,5661
48,0.3,0.28,1.23,26.03,4851
36,0.31,0.26,0.54,25.77,4114
48,0.24,0.38,0.26,27.3,3193
48,0.31,0.26,0.76,25.77,5343
48,0.29,0.3,1.15,26.28,4349
36,0.31,0.26,0.48,25.77,929
22,0.39,0.21,0.56,22.28,4464
22,0.39,0.21,0.44,22.28,4767
57,0.26,0.14,0.4,29.89,1319
57,0.27,0.14,0.59,29.73,3601
57,0.25,0.12,0.4,30.21,6610
57,0.26,0.12,0.67,29.37,292
38.64,0.25,0.1,2.37,29,1582
61,0.19,0.52,0.47,31.44,8765
61,0.22,0.39,1.22,31.17,5481
62,0.19,0.52,0.58,31.44,3421
61,0.19,0.52,0.28,31.44,3637
61,0.19,0.52,0.49,31.44,1638
62,0.19,0.52,0.18,31.44,3023
61,0.19,0.52,0.18,31.44,1051
62,0.25,0.56,0.73,31.23,6375
60,0.2,0.56,0.66,31.12,5570
60,0.2,0.56,0.33,31.12,2161
60,0.16,0.62,0.54,32.41,5328
60,0.2,0.56,0.51,31.12,4118
60,0.16,0.62,0.5,32.41,2599
60,0.16,0.62,0.18,32.41,7090
60,0.16,0.62,0.3,32.41,3858
61,0.28,0.23,0.9,28.03,3918
61,0.28,0.23,0.5,28.03,7254
61,0.28,0.23,0.09,28.03,2219
63,0.16,0.79,0.26,27.67,14860
63,0.19,0.71,0.72,28.59,11242
63,0.28,0.48,0.63,31.37,5997
63,0.28,0.48,0.53,31.37,3947
63,0.21,0.55,0.48,29.96,9481
63,0.21,0.55,0.56,29.96,9679
63,0.28,0.48,0.57,31.37,6888
63,0.28,0.48,0.32,31.37,11914
63,0.14,0.88,0.83,30.88,8288
63,0.14,0.88,0.57,30.88,10199
63,0.16,0.79,0.33,27.67,16994
63,0.28,0.48,0.23,31.37,7520
62.08,0.3,0.46,3.45,27.9, -   
63,0.21,0.55,1.54,29.96,768
63,0.21,0.55,1.14,29.96,2286
63,0.28,0.1,0.78,28.71,5775
63,0.22,0.41,1.31,29.58,2220
63,0.16,0.79,0.35,27.67,16855
63,0.16,0.79,0.76,27.67,6365
63,0.16,0.79,0.44,27.67,16110
63,0.28,0.48,0.68,31.37,7871
63,0.15,0.6,0.06,28.97,15259
63,0.15,0.6,0.17,28.97,10043
63,0.21,0.55,0.29,29.96,18414
61,0.35,0.43,1.71,27.52,1155
63,0.16,0.79,0.09,27.67,8624
63,0.16,0.79,0.45,27.67,14560
63,0.28,0.1,1.2,28.71,1211
63,0.16,0.79,0.32,27.67,10671
63,0.21,0.55,0.9,29.96,1938
63,0.21,0.55,0.46,29.96,500
63,0.28,0.48,1.58,31.37,3192
63,0.28,0.1,0.43,28.71,17989
63,0.14,0.88,0.33,30.88,20839
63,0.25,0.35,2.02,29.63,4758
63,0.15,0.6,0.19,28.97,15626
63,0.16,0.79,0.36,27.67,11850
63,0.21,0.55,0.29,29.96,14699
63,0.28,0.48,0.42,31.37,16276
63,0.28,0.48,0.54,31.37,19129
63,0.21,0.55,0.68,29.96,6303
63,0.21,0.55,0.43,29.96,9644
63,0.21,0.55,0.35,29.96,10225
63,0.28,0.48,0.24,31.37,9241
63,0.28,0.48,0.27,31.37,14824
63,0.16,0.79,0.45,27.67,4864
63,0.16,0.79,0.23,27.67,19312
63,0.16,0.79,0.27,27.67,22403
63,0.15,0.6,0.21,28.97,15303
63,0.15,0.6,0.29,28.97,17312
63,0.15,0.6,0.29,28.97,12647
63,0.21,0.55,1.06,29.96,2983
63,0.26,0.24,2.7,29.09,1316
63,0.18,0.58,0.58,29.47,6420
63,0.21,0.55,0.26,29.96,7941
63,0.15,0.6,0.49,28.97,10398
63,0.28,0.48,0.25,31.37,17697
63,0.23,0.61,0.46,31.21,12771
63,0.28,0.48,0.57,31.37,13112
63,0.16,0.79,0.35,27.67,14487
63,0.28,0.48,0.42,31.37,13836
63,0.16,0.79,0.43,27.67,14711
63,0.16,0.79,0.39,27.67,14232
63,0.16,0.79,0.31,27.67,19817
63,0.28,0.48,0.66,31.37,5131
63,0.28,0.48,0.61,31.37,15257
63,0.15,0.6,0.31,28.97,19000
63,0.15,0.6,0.43,28.97,15904
63,0.15,0.6,0.33,28.97,14666
63,0.15,0.6,0.25,28.97,16593
63,0.15,0.6,0.24,28.97,15578
63,0.16,0.79,0.09,27.67,23114
63,0.16,0.79,0.15,27.67,21859
63,0.15,0.6,0.25,28.97,16809
63,0.15,0.6,0.29,28.97,13965
63,0.15,0.6,0.23,28.97,10197
63,0.16,0.79,0.29,27.67,16314
63,0.28,0.48,0.28,31.37,14173
63,0.28,0.48,0.62,31.37,6002
61,0.24,0.43,0.09,28.45,2536
63,0.21,0.55,0.47,29.96,6316
63,0.21,0.55,0.29,29.96,13151
63,0.21,0.55,0.41,29.96,8826
63,0.15,0.6,0.14,28.97,20351
63,0.15,0.6,0.2,28.97,18232
63,0.15,0.6,0.15,28.97,12129
63,0.16,0.79,0.2,27.67,15034
63,0.16,0.79,0.38,27.67,6875
63,0.21,0.55,0.12,29.96, -   
63,0.16,0.79,0.13,27.67,5824
61,0.39,0.43,3.51,24.88,53
47.5,0.24,0.18,0.93,28.31,2439
40,0.26,0.18,0.6,27.44,1487
50,0.26,0.18,0.53,27.33,2536
50,0.24,0.18,0.4,28.31,104
50,0.24,0.18,0.7,28.31,4621
40,0.24,0.18,0.94,28.31,2507
40,0.24,0.18,0.36,28.31,1365
22,0.27,0.12,1.16,27.63,2082
22,0.27,0.12,0.15,27.63,528
28,0.26,0.23,1.6,27.76,2034
45.5,0.26,0.23,2.36,27.76,1684
29,0.26,0.23,0.19,27.76,1720
40,0.26,0.16,1.63,27.82,1951
48,0.22,0.36,0.54,29.62,955
48,0.24,0.22,0.66,30.03,2070
21,0.23,0.22,0.51,30.57,800
18.4,0.25,0.13,1.13,30.63,1095
16,0.25,0.13,1.26,30.63,1406
51,0.23,0.22,0.77,28.09,6508
51,0.23,0.22,0.78,28.09,6774
54,0.24,0.44,0.72,28.63,7510
33.83,0.24,0.2,1.4,27.58,2303
58,0.24,0.2,1.08,27.58,5806
63,0.2,0.62,0.24,32.29,7280
63,0.2,0.62,0.83,32.29,7829
63,0.2,0.58,0.74,31.37,5693
63,0.16,0.61,0.42,31.32,16191
63,0.16,0.61,0.39,31.32,15903
63,0.2,0.62,0.42,32.29,15123
63,0.2,0.62,0.39,32.29,13267
63,0.2,0.58,0.57,31.37,7299
63,0.2,0.58,1.1,31.37,9597
63,0.2,0.62,0.76,32.29,9271
63,0.2,0.62,0.99,32.29,9911
63,0.2,0.62,0.6,32.29,7037
63,0.2,0.62,0.83,32.29,8434
63,0.2,0.58,0.68,31.37,2972
63,0.16,0.61,0.06,31.32,24871
63,0.2,0.62,0.55,32.29,22000
63,0.2,0.62,0.35,32.29,7399
63,0.2,0.62,0.49,32.29,5528
63,0.16,0.61,0.29,31.32,16862
63,0.2,0.62,0.38,32.29,16377
63,0.2,0.58,0.57,31.37,8737
63,0.2,0.58,0.63,31.37,13038
63,0.29,0.41,0.34,29.5,14500
63,0.19,0.62,0.64,32.05,7895
63,0.2,0.58,0.24,31.37,21529
63,0.2,0.62,0.33,32.29,14388
63,0.2,0.62,0.29,32.29,10317
63,0.2,0.58,0.62,31.37,5645
63,0.38,0.2,0.33,26.71,11804
63,0.2,0.62,0.29,32.29,13553
63,0.2,0.62,0.15,32.29,24406
63,0.2,0.58,0.18,31.37,23143
63,0.31,0.12,0.76,30.75,24740
63,0.22,0.49,0.82,31.25,13221
63,0.2,0.58,0.18,31.37, -   
47,0.41,0.15,0.91,23.81,3610
28,0.41,0.15,0.63,23.81,3602
57,0.23,0.6,0.55,31.71,5444
52,0.23,0.6,0.42,31.71,7616
52,0.23,0.6,0.97,31.71,2880
57,0.23,0.6,0.01,31.71,4494
52,0.23,0.6,0.21,31.71,1287
61,0.24,0.19,0.29,29.85,4742
61,0.24,0.19,0.28,29.85,3153
61,0.28,0.36,1.96,29.83,2824
58,0.24,0.19,1.44,29.85,2956
59.5,0.24,0.19,0.61,29.85,6038
61,0.31,0.36,0.72,29.95,2431
63,0.28,0.18,0.45,30.38,7734
63,0.28,0.18,0.4,30.38,4318
63,0.28,0.18,0.27,30.38,10472
63,0.28,0.18,0.57,30.38,2211
63,0.28,0.18,0.08,30.38,9235
63,0.26,0.12,0.63,31.36,5560
63,0.28,0.18,0.39,30.38,1033
63,0.21,0.44,0.82,30.97,4505
63,0.26,0.12,0.18,31.36,12219
63,0.26,0.12,0.23,31.36,12977
63,0.26,0.12,0.16,31.36,16673
63,0.26,0.12,0.45,31.36,19521
63,0.26,0.12,0.58,31.36,492
63,0.26,0.12,1.54,31.36,4365
63,0.26,0.12,1.4,31.36,10254
63,0.26,0.12,0.74,31.36,14669
63,0.26,0.12,0.65,31.36,14033
63,0.26,0.12,0.22,31.36,10551
63,0.39,0.12,0.9,28.84,3049
63,0.39,0.12,1.17,28.84,581
63,0.39,0.12,0.85,28.84,2184
63,0.39,0.12,0.17,28.84,15225
63,0.26,0.12,0.22,31.36,16577
63,0.27,0.44,0.6,30.92,5917
63,0.12,0.55,0.54,31.95,10945
63,0.12,0.55,0.24,31.95,16624
63,0.12,0.55,0.19,31.95,15694
63,0.12,0.55,0.36,31.95,15029
63,0.2,0.5,0.35,31.44,15375
63,0.27,0.44,0.27,30.92,16562
63,0.12,0.55,0.33,31.95,17636
63,0.12,0.55,0.61,31.95,12541
63,0.12,0.55,0.64,31.95,6423
63,0.2,0.56,1.86,31.75,2189
63,0.12,0.55,0.65,31.95,6915
63,0.24,0.51,1.72,31.3,1749
63,0.12,0.55,0.47,31.95,10595
63,0.12,0.55,0.37,31.95,8004
63,0.12,0.55,0.22,31.95,18405
63,0.12,0.55,0.17,31.95,13079
63,0.12,0.55,0.18,31.95,13945
63,0.12,0.55,0.19,31.95,18233
63,0.18,0.55,1.47,31.79,3139
63,0.12,0.55,0.38,31.95,12039
63,0.12,0.55,0.45,31.95,13228
63,0.12,0.55,0.33,31.95,9329
63,0.12,0.55,0.24,31.95,13855
63,0.27,0.44,0.64,30.92,16031
63,0.27,0.44,0.3,30.92,5993
63,0.12,0.55,0.09,31.95,16887
63,0.27,0.44,0.32,30.92,17770
63,0.27,0.44,0.6,30.92,4118
62,0.25,0.6,0.51,31.52,321
62,0.28,0.6,0.34,31.54,3402
62,0.23,0.6,0.36,31.71,2460
62,0.23,0.6,0.38,31.71,13899
61,0.32,0.34,1.14,29.77,6767
61,0.32,0.34,0.52,29.77,3862
61,0.29,0.48,0.23,30.16,5340
62,0.25,0.6,0.46,31.46,1378
62,0.25,0.6,0.56,31.46,7815
62,0.25,0.6,0.23,31.46,15080
54.43,0.24,0.39,1.32,29.99,3153
51,0.22,0.43,0.58,30.32,3445
62,0.22,0.43,1.89,30.32,3124
55.5,0.22,0.43,1.33,30.32,5438
62,0.22,0.43,0.95,30.32,1026
62,0.22,0.43,0.02,30.32,4356
61,0.27,0.44,0.97,30.92,4046
61.67,0.27,0.44,0.74,30.92,6336
57,0.36,0.14,0.59,29.76,1444
57,0.3,0.15,0.64,30.38,4239
57,0.36,0.14,0.46,29.76,4540
57,0.32,0.29,0.81,28.43,3855
57,0.28,0.44,0.61,27.11,763
61,0.23,0.47,1.2,31.4,4143
61,0.21,0.48,1.29,31.59,4295
61,0.21,0.48,0.17,31.59,3852
61,0.29,0.48,0.89,30.16,5332
61,0.29,0.48,0.32,30.16,5744
61,0.29,0.48,0.84,30.16,4724
57,0.25,0.36,1.84,29.76,3389
57,0.33,0.14,1.97,30.81,3144
57,0.22,0.43,0.12,30.32,218
54,0.29,0.24,0.64,28.6,5102
53,0.29,0.24,0.78,28.6,2541
62,0.28,0.16,0.5,30.64,1402
62,0.27,0.16,0.45,30.39,1189
62,0.23,0.36,1.47,31.02,2432
62,0.27,0.16,0.88,30.39,3360
62,0.27,0.16,1.09,30.39,1499
60,0.21,0.36,1.14,30.88,2914
60.91,0.2,0.49,2.54,31.34,1465
63,0.19,0.52,0.63,31.52,3378
63,0.17,0.56,0.64,30.49,13284
54,0.19,0.52,0.15,31.52,12361
63,0.19,0.52,0.33,31.52,22038
63,0.19,0.52,0.15,31.52,17077
63,0.19,0.52,1.23,31.52,6377
63,0.19,0.52,1.13,31.52,7335
63,0.19,0.52,0.56,31.52,14434
63,0.19,0.5,0.38,31,14766
63,0.14,0.62,0.27,29.98,22235
63,0.14,0.62,0.41,29.98,13475
62,0.22,0.47,1.06,31.32,17607
54,0.21,0.48,0.6,31.35,17012
54,0.19,0.52,0.89,31.52,9682
58,0.19,0.52,0.83,31.52,7170
54,0.19,0.52,0.46,31.52,18657
54,0.19,0.52,0.21,31.52,19601
54,0.23,0.45,0.32,31.18,19302
54,0.23,0.45,0.62,31.18,15839
63,0.19,0.52,1.22,31.52,3441
54,0.23,0.45,0.24,31.18,19699
61.25,0.19,0.52,0.91,31.44,6333
61.5,0.19,0.52,1.37,31.44,3431
61,0.19,0.52,0.83,31.44,7034
61.5,0.21,0.45,0.82,31.23,4332
61,0.27,0.16,0.89,30.39,1914
62,0.19,0.52,0.4,31.44,486
63,0.19,0.5,0.33,31,10992
63,0.19,0.5,0.59,31,7422
63,0.08,0.61,0.48,32.41,21590
63,0.08,0.61,0.44,32.41,21946
63,0.08,0.61,0.38,32.41,19728
63,0.08,0.61,0.69,32.41,17322
63,0.08,0.61,0.68,32.41,17180
63,0.19,0.5,0.5,31,9851
63,0.19,0.5,0.99,31,12241
63,0.1,0.59,1.18,32.18,12083
63,0.08,0.61,0.58,32.41,17323
63,0.08,0.61,0.78,32.41,16905
63,0.08,0.61,0.16,32.41,18377
63,0.08,0.61,0.22,32.41,22761
63,0.15,0.5,0.35,31.93,21333
63,0.19,0.5,0.22,31,20876
63,0.15,0.5,0.32,31.93,17025
63,0.15,0.5,0.3,31.93,20924
63,0.15,0.5,0.39,31.93,21678
63,0.17,0.5,0.35,31.46,19942
63,0.19,0.5,0.47,31,21515
63,0.08,0.61,0.52,32.41,21596
63,0.19,0.5,0.36,31,13198
63,0.12,0.58,0.61,31.94,11112
63,0.08,0.61,0.27,32.41,21045
63,0.08,0.61,0.39,32.41,16834
63,0.08,0.61,0.25,32.41,22248
63,0.08,0.61,0.29,32.41,21131
63,0.08,0.61,0.26,32.41,20599
63,0.09,0.62,0.44,32.36,18582
63,0.09,0.63,0.32,32.31,19981
63,0.09,0.63,0.39,32.31,15383
63,0.09,0.63,0.31,32.31,20151
63,0.09,0.63,0.59,32.31,11858
63,0.09,0.63,0.51,32.31,17799
63,0.09,0.63,0.4,32.31,19350
63,0.09,0.63,0.33,32.31,13426
63,0.19,0.5,0.74,31,9524
63,0.19,0.5,0.32,31,17565
63,0.08,0.61,0.07,32.41,21994
63,0.15,0.5,0.36,31.93,21240
63,0.15,0.5,0.35,31.93,18876
63,0.14,0.62,0.62,29.98,11612
63,0.17,0.56,0.36,30.49,14585
63,0.19,0.5,0.82,31,10794
63,0.08,0.61,0.36,32.41,14357
63,0.09,0.62,0.34,32.36,14397
63,0.19,0.5,0.23,31,15090
63,0.08,0.61,0.3,32.41,20451
63,0.19,0.5,0.3,31,11115
63,0.15,0.5,0.1,31.93,18920
63,0.19,0.5,0.7,31,17881
63,0.16,0.5,0.88,31.56,18750
63,0.14,0.62,0.17,29.98,17878
63,0.08,0.61,0.08,32.41,12014
63,0.19,0.5,0.29,31,14027
63,0.19,0.5,0.52,31,16598
63,0.19,0.5,0.65,31,9995
63,0.19,0.5,0.29,31,1349
63,0.19,0.5,0.89,31,4909
63,0.19,0.5,0.75,31,9752
63,0.19,0.5,0.6,31,11237
63,0.19,0.5,0.53,31,6583
63,0.15,0.5,0.32,31.93,11345
63,0.19,0.52,0.4,31.52,7358
63,0.18,0.47,0.54,29.71,6374
63,0.18,0.47,0.48,29.71,8096
54,0.18,0.47,0.29,29.71,7533
54,0.18,0.47,0.93,29.71,4296
63,0.18,0.47,0.85,29.71,4290
63,0.18,0.47,0.52,29.71,4785
63,0.14,0.62,1.15,29.98,4206
63,0.14,0.62,0.55,29.98,2947
63,0.18,0.47,0.44,29.71,4881
63,0.18,0.47,0.67,29.71,5150
62.75,0.18,0.47,0.88,29.71,2897
62,0.18,0.47,0.44,29.71,2371
62,0.18,0.47,0.59,29.71,1810
54,0.18,0.47,0.39,29.71,3924
56,0.18,0.47,0.42,29.71,2425
56,0.18,0.47,0.25,29.71,2579
55,0.18,0.47,0.41,29.71,747
63,0.2,0.59,0.69,31.3,6662
63,0.12,0.75,0.44,32.11,13309
63,0.15,0.81,0.37,30.13,9333
63,0.15,0.81,0.29,30.13,7323
62.25,0.13,0.8,0.73,30.5,3491
62.67,0.15,0.81,0.57,30.13,9099
63,0.15,0.81,0.23,30.13,14073
63,0.15,0.81,0.31,30.13,7632
62,0.15,0.81,0.38,30.13,9269
62,0.15,0.81,0.3,30.13,11455
62,0.15,0.81,0.62,30.13,10571
62,0.15,0.81,0.17,30.13,11327
62,0.11,0.77,0.55,31.14,6217
62,0.11,0.77,0.73,31.14,4
62,0.1,0.68,1.1,31.98,2960
63,0.08,0.75,0.17,31.64,10868
63,0.08,0.75,0.37,31.64,12273
62,0.08,0.75,0.57,31.64,9044
63,0.08,0.75,0.36,31.64,11803
62,0.08,0.75,0.19,31.64,16787
62,0.12,0.51,0.26,32.51,21152
62,0.12,0.51,0.25,32.51,20908
62,0.12,0.51,0.31,32.51,23353
63,0.08,0.75,1.65,31.64,1918
62,0.08,0.63,0.25,32.34,15191
62,0.12,0.51,0.34,32.51,17511
62,0.12,0.51,0.4,32.51,19659
62,0.08,0.63,0.61,32.34,18968
62,0.12,0.51,0.28,32.51,15979
63,0.11,0.76,0.41,32.18,15417
63,0.08,0.63,1.39,32.34,1837
62,0.08,0.63,0.28,32.34,24877
62,0.08,0.63,0.24,32.34,24417
62,0.08,0.63,0.25,32.34,32072
62,0.08,0.63,0.44,32.34,11356
63,0.11,0.76,1.15,32.18,6165
63,0.08,0.63,0.23,32.34,22769
62,0.08,0.63,0.38,32.34,12341
62,0.08,0.63,0.24,32.34,22606
63,0.11,0.76,0.57,32.18,7184
63,0.08,0.63,0.22,32.34,28395
63,0.08,0.63,0.23,32.34,26318
62,0.08,0.63,0.22,32.34,24976
63,0.11,0.76,0.19,32.18,14244
63,0.08,0.63,0.32,32.34,18745
62,0.08,0.63,0.33,32.34,9731
62,0.14,0.56,0.16,32.29,22389
62,0.14,0.56,0.14,32.29,22121
62,0.14,0.56,0.17,32.29,25160
63,0.11,0.76,0.73,32.18,2221
63,0.08,0.63,0.57,32.34,17949
63,0.08,0.63,0.47,32.34,17606
62,0.1,0.73,0.21,33.14,17349
63,0.11,0.76,0.57,32.18,7158
63,0.11,0.76,0.39,32.18,16386
63,0.11,0.76,0.69,32.18,512
63,0.08,0.63,0.42,32.34,15371
63,0.09,0.68,0.49,32.74,15617
62,0.1,0.73,0.25,33.14,15881
63,0.09,0.64,0.56,32.32,13898
63,0.1,0.73,0.53,33.14,15259
63,0.1,0.73,0.44,33.14,17348
62,0.1,0.73,0.27,33.14,12796
63,0.11,0.76,0.28,32.18,21835
63,0.11,0.76,0.1,32.18,14397
63,0.09,0.64,0.18,32.32,17991
63,0.1,0.73,0.26,33.14,14166
63,0.1,0.73,0.4,33.14,14441
62,0.1,0.73,0.29,33.14,22284
62,0.08,0.75,0.16,31.64,13505
62,0.18,0.59,0.75,31.89,6389
63,0.38,0.2,0.45,26.71,12186
63,0.38,0.2,0.44,26.71,10597
63,0.15,0.81,0.22,30.13,8108
63,0.15,0.81,0.37,30.13,4184
62,0.12,0.75,0.41,32.11,14971
62,0.16,0.62,0.27,32.41,14277
63,0.15,0.81,0.6,30.13,6472
62,0.12,0.75,0.36,32.11,15061
62,0.12,0.75,0.44,32.11,14974
62,0.16,0.62,0.37,32.41,18079
63,0.15,0.81,0.3,30.13,14869
60,0.12,0.75,0.4,32.11,14844
62,0.16,0.62,0.36,32.41,16714
60,0.12,0.75,0.42,32.11,17063
63,0.08,0.75,0.43,31.64,20534
63,0.11,0.76,0.26,32.18,24998
62,0.12,0.51,0.61,32.51,9235
62,0.12,0.51,0.34,32.51,22028
62,0.12,0.51,0.19,32.51,16420
62,0.12,0.51,0.4,32.51,19294
62,0.12,0.51,0.28,32.51,23894
62,0.08,0.63,0.22,32.34,27567
62,0.12,0.51,0.41,32.51,24380
62,0.12,0.51,0.39,32.51,20858
62,0.14,0.56,0.46,32.29,19562
62,0.14,0.56,0.35,32.29,24163
62,0.14,0.56,0.24,32.29,20851
62,0.14,0.56,0.24,32.29,23630
62,0.14,0.56,0.26,32.29,21056
62,0.1,0.73,0.44,33.14,18703
62,0.14,0.56,0.42,32.29,20355
61,0.14,0.56,0.4,32.29,10351
60,0.14,0.56,0.43,32.29,10264
62,0.1,0.73,0.53,33.14,16936
60,0.1,0.73,0.5,33.14,18968
63,0.2,0.62,0.44,32.29,7496
63,0.38,0.2,0.39,26.71,12822
62,0.16,0.39,0.23,33.32,11461
62,0.16,0.39,0.17,33.32,16687
62,0.08,0.75,0.28,31.64,12640
62,0.16,0.39,0.41,33.32,18197
62,0.16,0.39,0.4,33.32,20044
62,0.16,0.39,0.22,33.32,14663
62,0.16,0.39,0.36,33.32,16364
62.5,0.12,0.75,0.66,32.11,18178
62,0.18,0.59,0.31,31.89,22353
62,0.19,0.53,0.35,31.23,16328
62,0.19,0.53,0.3,31.23,25928
62,0.19,0.53,1.03,31.23,10974
63,0.19,0.56,0.25,30.37,20849
62,0.16,0.39,0.2,33.32,19732
62,0.16,0.39,0.53,33.32,7097
62,0.16,0.39,0.38,33.32,18785
63,0.08,0.63,0.56,32.34,14343
63,0.08,0.63,0.25,32.34,18508
63,0.11,0.76,0.28,32.18,11778
62,0.08,0.63,0.27,32.34,21098
62,0.18,0.59,0.36,31.89,11670
62,0.18,0.59,0.46,31.89,7721
63,0.12,0.75,0.12,32.11,26088
63,0.12,0.75,0.05,32.11,24250
61,0.19,0.56,0.43,30.37,16383
63,0.15,0.81,0.65,30.13,7724
62,0.18,0.59,0.25,31.89,9579
62,0.19,0.53,0.37,31.23,18449
62,0.19,0.53,1.25,31.23,4010
62,0.18,0.59,0.29,31.89,5999
63,0.08,0.63,0.56,32.34,20597
63,0.08,0.63,0.61,32.34,13935
62,0.08,0.63,0.24,32.34,26836
62,0.08,0.63,0.29,32.34,23171
63,0.11,0.76,0.42,32.18,11565
62,0.1,0.73,0.14,33.14,14331
63,0.11,0.76,0.23,32.18,17249
63,0.11,0.76,0.21,32.18,22352
62,0.1,0.73,0.3,33.14,9506
62,0.12,0.51,0.27,32.51,21618
62,0.12,0.51,0.2,32.51,26622
63,0.38,0.2,0.3,26.71,15365
63,0.15,0.81,0.21,30.13,16937
63,0.15,0.81,0.29,30.13,16129
62,0.12,0.75,0.27,32.11,16948
60,0.12,0.75,0.26,32.11,15203
62.67,0.15,0.81,0.32,30.13,12244
63,0.08,0.75,0.2,31.64,12612
63,0.19,0.56,0.2,30.37,19162
63,0.19,0.56,0.13,30.37,26083
63,0.19,0.56,0.14,30.37,22249
63,0.19,0.56,0.32,30.37,13578
62,0.14,0.56,0.21,32.29,27519
62,0.16,0.39,0.86,33.32,4720
62,0.16,0.39,0.32,33.32,20512
62,0.12,0.75,0.59,32.11,8647
62.33,0.12,0.75,0.65,32.11,7121
62,0.18,0.59,0.18,31.89,20950
62,0.18,0.59,0.23,31.89,13609
62,0.19,0.53,0.19,31.23,19438
62,0.19,0.53,0.2,31.23,18718
62,0.19,0.53,0.17,31.23,28415
63,0.08,0.75,0.43,31.64,14323
63,0.19,0.56,0.33,30.37,3831
63,0.08,0.75,0.36,31.64,11703
62,0.18,0.59,0.42,31.89,3060
62,0.18,0.59,1.08,31.89,4553
62,0.16,0.64,1.4,31.97,3128
62,0.08,0.75,0.41,31.64,15409
62,0.08,0.75,0.37,31.64,19610
63,0.08,0.63,0.58,32.34,7360
62,0.08,0.63,0.71,32.34,7948
62,0.08,0.63,0.11,32.34,26345
63,0.08,0.75,1.04,31.64,4135
63,0.08,0.63,0.34,32.34,17519
63,0.08,0.75,0.23,31.64,18001
63,0.08,0.75,0.37,31.64,14219
63,0.19,0.56,0.31,30.37,20731
63,0.19,0.56,0.3,30.37,21342
63,0.19,0.56,0.4,30.37,18663
62,0.16,0.39,0.24,33.32,19469
62,0.16,0.39,0.25,33.32,18758
62.6,0.19,0.56,0.99,30.37,3077
63,0.2,0.62,0.58,32.29,6365
63,0.12,0.75,0.3,32.11,19126
63,0.12,0.75,0.15,32.11,24260
62,0.14,0.67,0.52,31.82,12199
62,0.16,0.62,0.52,32.41,8915
62,0.12,0.75,0.28,32.11,15491
62,0.19,0.53,1.13,31.23,6011
62,0.16,0.62,0.39,32.41,9215
62,0.12,0.75,0.23,32.11,16474
61,0.12,0.75,0.23,32.11,24023
62,0.1,0.73,0.18,33.14,19266
63,0.19,0.56,0.19,30.37,18297
63,0.19,0.56,0.49,30.37,4889
63,0.15,0.81,0.44,30.13,14544
63,0.2,0.59,0.61,31.3,5952
63,0.2,0.59,0.33,31.3,12337
62,0.16,0.39,0.21,33.32,23846
62,0.16,0.39,0.61,33.32,10464
63,0.2,0.59,0.37,31.3,9929
63,0.16,0.61,0.21,31.32,4831
63,0.2,0.59,0.3,31.3,10190
61,0.19,0.56,0.22,30.37,15990
63,0.2,0.62,0.5,32.29,7365
63,0.2,0.59,0.52,31.3,7549
63,0.2,0.62,0.38,32.29,6955
63,0.2,0.62,0.38,32.29,8143
63,0.2,0.59,0.42,31.3,9771
63,0.2,0.62,0.7,32.29,11939
63,0.2,0.59,0.4,31.3,6249
63,0.2,0.59,0.51,31.3,7852
63,0.2,0.62,0.27,32.29,2165
63,0.2,0.62,0.11,32.29,21658
63,0.2,0.59,0.63,31.3,9221
63,0.2,0.59,0.32,31.3,10367
63,0.2,0.59,0.61,31.3,6587
63,0.17,0.7,0.38,30.71,9259
63,0.15,0.81,0.54,30.13,7936
63,0.18,0.66,0.77,30.91,5734
63,0.2,0.59,0.41,31.3,13193
63,0.2,0.61,0.53,31.96,8037
63,0.2,0.62,0.3,32.29,5934
63,0.15,0.81,0.33,30.13,13209
63,0.12,0.75,0.31,32.11,10471
63,0.18,0.59,0.39,31.89,20474
63,0.12,0.75,0.26,32.11,22255
63,0.15,0.81,0.42,30.13,10322
63,0.12,0.75,0.22,32.11,19499
62,0.12,0.75,0.31,32.11,11853
62,0.12,0.75,0.17,32.11,10691
62,0.08,0.75,0.77,31.64,5250
63,0.11,0.76,0.21,32.18,17146
63,0.19,0.56,0.34,30.37,12838
63,0.11,0.76,0.5,32.18,10637
62,0.18,0.59,0.21,31.89,16047
62,0.18,0.59,0.29,31.89,11362
62,0.08,0.75,0.55,31.64,625
62,0.12,0.75,0.33,32.11,9160
62,0.12,0.75,0.38,32.11,16220
60,0.12,0.75,0.31,32.11,18262
60,0.12,0.75,0.36,32.11,14246
60,0.12,0.75,0.29,32.11,20378
62,0.13,0.69,1.6,32.31,1739
63,0.38,0.2,0.09,26.71,1727
55,0.21,0.42,0.7,30.42,2799
55,0.21,0.42,0.25,30.42,10823
55,0.21,0.42,0.8,30.42,6065
62,0.25,0.41,0.76,30.22,3925
55,0.23,0.47,1.78,30.45,2069
55,0.23,0.47,0.7,30.45,3632
55,0.21,0.42,0.98,30.42,2975
60,0.21,0.42,1.32,30.42,3165
58,0.24,0.15,1.66,31.52,2169
60,0.21,0.42,0.28,30.42,15107
48,0.25,0.15,0.57,31.31,7425
48,0.25,0.15,0.51,31.31,12275
48,0.25,0.15,0.48,31.31,11344
48,0.25,0.15,0.42,31.31,14416
60,0.25,0.15,1.14,31.31,1405
60,0.25,0.15,0.57,31.31,9250
60,0.25,0.22,0.7,31.15,4513
48,0.21,0.33,0.19,30.89,9043
48,0.26,0.38,0.09,29.69,10646
48,0.25,0.15,0.17,31.31,5665
48,0.21,0.33,1.1,30.89,3294
28,0.21,0.16,1.29,31.05,924
29.2,0.21,0.12,2.11,31.09,846
28,0.21,0.12,0.86,31.09,1176
37,0.21,0.35,2.94,32.45,1501
18,0.19,0.14,0.39,32.99,2417
27,0.19,0.14,0.61,32.99,1698
18,0.19,0.14,0.46,32.99,1239
34,0.22,0.19,2.38,30.89,1535
19,0.22,0.19,1.73,30.87,1890
34,0.21,0.19,0.43,30.43,1110
58,0.46,0.12,0.75,19.48,5125
58,0.4,0.18,0.75,21,5752
58,0.42,0.18,1.03,20.9,944
63,0.27,0.43,0.45,22.04,9639
63,0.27,0.43,2.34,22.04,6134
63,0.27,0.43,0.25,22.04,17837
62,0.39,0.43,0.52,21.26,4007
62,0.33,0.43,0.47,23.44,6143
58,0.48,0.12,1.21,19.68,2858
50,0.4,0.18,1.98,21,2205
61.71,0.27,0.43,1.47,22.04,6818
61,0.4,0.18,1.2,21,5896
63,0.29,0.58,0.49,26.57,18697
63,0.29,0.58,0.86,26.57,5518
63,0.29,0.58,0.82,26.57,2883
63,0.3,0.55,1.38,26.33,3494
63,0.3,0.53,0.96,26.19,2752
63,0.33,0.44,1.09,25.62,5561
63,0.33,0.44,0.33,25.62,16147
63,0.29,0.58,0.3,26.57,16362
63,0.29,0.58,0.42,26.57,18066
63,0.29,0.58,0.26,26.57,21830
63,0.29,0.58,0.43,26.57,8789
63,0.29,0.58,0.66,26.57,5316
63,0.29,0.58,0.57,26.57,4204
63,0.29,0.58,0.59,26.57,3064
63,0.29,0.58,1.02,26.57,4472
63,0.24,0.72,0.55,26.93,4849
63,0.27,0.43,0.31,22.04,21973
63,0.29,0.58,0.17,26.57,20036
63,0.27,0.43,0.31,22.04,4856
63,0.29,0.58,0.95,26.57,5681
63,0.29,0.58,0.6,26.57,6805
63,0.31,0.43,0.61,22.98,701
63,0.37,0.58,4.32,25.05,319
63,0.11,0.69,0.85,31.9,3548
63,0.17,0.6,0.37,31.26,14699
63,0.11,0.69,0.35,31.9,10459
63,0.17,0.6,0.79,31.26,9623
63,0.11,0.69,0.55,31.9,18050
63,0.17,0.6,0.37,31.26,13844
63,0.11,0.69,0.25,31.9,16085
63,0.11,0.69,0.3,31.9,23529
63,0.12,0.55,0.29,31.95,12552
63,0.28,0.23,1.54,28.82,57
63,0.25,0.27,2,29.8,454
63,0.28,0.23,0.14,28.82,11818
63,0.17,0.6,0.84,31.26,5169
63,0.25,0.6,1.97,31.46,2141
63,0.17,0.6,2.06,31.26,11102
63,0.17,0.6,0.11,31.26,13951
63,0.28,0.23,0.31,28.82,7116
63,0.17,0.6,1.14,31.26,82
63,0.12,0.55,0.48,31.95,4552
63,0.19,0.6,0.72,31.31,5371
63,0.25,0.6,0.57,31.46,10808
63,0.11,0.69,0.88,31.9,4498
63,0.11,0.69,0.69,31.9,8721
63,0.11,0.69,0.37,31.9,11463
63,0.17,0.6,0.58,31.26,8848
63,0.11,0.69,0.38,31.9,3769
63,0.11,0.69,0.26,31.9,15991
63,0.11,0.69,0.25,31.9,16430
63,0.16,0.59,1.48,31.37,3021
63,0.12,0.55,0.22,31.95,17743
63,0.17,0.6,0.25,31.26,15257
63,0.14,0.61,0.28,31.32,17676
63,0.11,0.69,0.16,31.9,11851
63,0.28,0.23,0.16,28.82,19569
63,0.17,0.6,0.16,31.26,13763
63,0.28,0.23,0.2,28.82,11373
63,0.28,0.23,0.19,28.82,13162
63,0.28,0.23,0.21,28.82,13078
63,0.11,0.69,0.14,31.9,6972
63,0.25,0.27,0.24,29.8,25283
63,0.25,0.6,0.19,31.46,31804
63,0.25,0.6,0.1,31.46,27022
63,0.18,0.53,0.36,30.74,5494
63,0.18,0.53,0.31,30.74,12540
63,0.28,0.23,0.38,28.82,5808
63,0.17,0.6,0.84,31.26,7871
63,0.25,0.27,0.42,29.8,11694
63,0.25,0.6,0.17,31.46,26908
63,0.25,0.6,0.3,31.46,20092
63,0.25,0.6,0.23,31.46,16663
63,0.17,0.6,0.26,31.26,22794
63,0.17,0.6,0.53,31.26,6281
63,0.17,0.6,0.2,31.26,10571
63,0.17,0.6,0.26,31.26,20787
63,0.17,0.6,0.17,31.26,24750
63,0.14,0.61,0.32,31.32,6397
63,0.11,0.69,0.28,31.9,4381
63,0.28,0.23,0.42,28.82,3421
63,0.28,0.23,0.58,28.82,1027
63,0.18,0.53,0.11,30.74,4242
63,0.18,0.53,0.41,30.74,5299
63,0.18,0.58,1.18,31.51,57
63,0.25,0.6,0.37,31.46,5
62,0.25,0.6,0.17,31.46,21903
62,0.25,0.6,0.16,31.46,19869
62,0.25,0.6,0.21,31.46,21601
62,0.25,0.6,0.24,31.46,15612
63,0.25,0.6,0.38,31.46,14260
55.33,0.24,0.41,1.34,27.04,3323
52,0.24,0.41,1,27.04,3698
52,0.24,0.41,0.12,27.04,6070
62,0.25,0.27,0.55,29.65,10594
57,0.25,0.27,0.23,29.8,4035
58.67,0.25,0.26,0.52,29.22,8378
60.75,0.25,0.27,0.55,29.8,4483
62,0.25,0.27,0.27,29.8,13619
57,0.25,0.26,0.68,29.22,5003
57,0.25,0.27,0.52,29.8,5111
62,0.25,0.48,0.82,30.9,6055
62,0.25,0.48,0.17,30.9,1247
62,0.25,0.48,0.41,30.9,23881
62,0.23,0.45,0.39,30.51,20780
62,0.23,0.45,0.54,30.61,7795
43.86,0.2,0.49,1.5,27.59,2895
43,0.2,0.49,0.84,27.59,3106
29,0.26,0.15,3.21,27.91,1369
26.82,0.25,0.16,2.49,27.79,1128
37,0.3,0.13,6.41,27.84,1007
39.55,0.29,0.24,5.72,27.36,1009
19.04,0.26,0.14,5.92,27.86,733
32.65,0.29,0.17,5.66,27.18,609
19.8,0.28,0.25,4.4,25.47,884
42.25,0.24,0.34,3.36,27.24,855
23.58,0.25,0.21,4.41,28.33,919
20,0.37,0.15,3.45,25.74,1127
15.96,0.29,0.15,9.33,27.42,344
29.72,0.27,0.24,13.91,27.63,527
38.87,0.3,0.12,3.51,27.94,2166
56,0.35,0.1,0.86,25.38,5183
56,0.41,0.11,0.14,24.03,2835
61,0.22,0.15,1.09,31.67,3912
61,0.22,0.15,1.38,31.67,2104
61,0.23,0.15,1.43,31.09,2745
63,0.16,0.61,0.14,31.32,29084
19,0.28,0.13,3.19,27.14,1007
27,0.29,0.18,0.43,27.4,416
27,0.34,0.18,1.6,26.08,1459
27,0.29,0.18,0.6,27.4,3732
27,0.29,0.18,0.76,27.4,3141
27,0.29,0.18,0.36,27.4,142
27,0.29,0.18,0.22,27.4,722
22,0.25,0.33,1.09,28.02,1741
25.89,0.33,0.33,2.36,25.93,778
22,0.25,0.33,0.69,28.02,392
20,0.32,0.14,0.66,26.77,3431
20,0.25,0.14,0.4,27.29,2296
20,0.25,0.14,0.96,27.29,2157
29,0.25,0.15,0.55,26.49,983
20,0.25,0.15,0.13,26.49,1152
30,0.33,0.13,0.58,26.48,5812
30,0.33,0.13,0.21,26.48,4054
30,0.33,0.13,0.35,26.48,9765
30,0.33,0.13,0.51,26.48,5308
30,0.33,0.13,0.52,26.48,6877
24,0.33,0.13,0.34,26.48,5792
26,0.33,0.13,0.45,26.48,6890
61,0.27,0.42,5.93,29.16,31
60.6,0.31,0.33,0.83,29.35,3438
60,0.31,0.33,0.85,29.35,2797
61,0.33,0.33,0.85,29.05,6301
60,0.34,0.33,1.64,28.74,4183
61,0.2,0.47,0.49,29.29,1130
58.83,0.2,0.47,2.02,29.29,2256
63,0.22,0.45,2.18,29.45,1
41,0.36,0.18,0.6,25.98,3620
37,0.36,0.18,1.05,25.98,1615
37,0.28,0.31,0.6,24.89,3869
37,0.28,0.31,0.29,24.89,7710
53.86,0.31,0.33,1.4,29.35,1852
50.83,0.31,0.33,1.18,29.35,4955
49,0.31,0.33,0.6,29.35,8588
45,0.28,0.31,1.12,24.89,2470
45,0.31,0.31,1.04,25.89,4987
45,0.39,0.31,0.85,25.29,5736
48,0.25,0.47,0.84,28.92,3670
63,0.39,0.12,0.43,28.84,9038
63,0.39,0.12,0.45,28.84,7889
63,0.39,0.12,0.56,28.84,6934
63,0.39,0.12,0.67,28.84,5015
63,0.39,0.12,0.52,28.84,6224
63,0.39,0.12,0.89,28.84,2866
63,0.29,0.11,0.68,29.41,3290
63,0.29,0.11,1.01,29.41,2378
63,0.29,0.11,0.58,29.41,2784
63,0.29,0.11,0.67,29.41,5672
63,0.39,0.12,0.4,28.84,486
62,0.29,0.11,1.94,29.41,1560
63,0.2,0.71,0.11,30.25,11475
63,0.21,0.42,0.84,29.17,1241
63,0.3,0.33,0.4,28.59,1301
63,0.23,0.38,0.81,28.87,4453
63,0.3,0.33,0.45,28.59,7167
63,0.18,0.5,1,29.78,5967
63,0.27,0.43,1.03,29,6819
58,0.23,0.38,1.25,28.87,5861
58,0.23,0.38,0.47,28.87,2379
58,0.23,0.29,1.06,27.89,2556
63,0.16,0.54,0.84,30.08,6271
63,0.16,0.54,0.95,30.08,3489
63,0.16,0.54,0.1,30.08,19677
63,0.16,0.54,1.19,30.08,3936
63,0.2,0.71,0.9,30.25,2865
63,0.16,0.54,0.35,30.08,3392
51,0.26,0.3,0.24,28.23,2616
51,0.26,0.3,0.73,28.23,4633
63,0.26,0.3,0.87,28.23,1308
63,0.2,0.71,0.34,30.25,6722
63,0.2,0.71,0.58,30.25,7657
63,0.2,0.71,0.25,30.25,6099
63,0.2,0.71,0.62,30.25,5588
63,0.2,0.71,0.76,30.25,4179
63,0.2,0.71,0.93,30.25,2843
63,0.24,0.41,0.66,29.75,3589
63,0.16,0.54,0.33,30.08,6378
63,0.23,0.38,0.3,28.87,8434
63,0.16,0.54,0.12,30.08,13116
63,0.19,0.49,0.43,29.68,5746
63,0.23,0.38,0.68,28.87,5723
63,0.23,0.38,1.47,28.87,2149
63,0.3,0.33,1.13,28.59,3266
63,0.3,0.33,1.75,28.59,25
40,0.26,0.3,1.1,28.23,3974
60,0.3,0.33,0.8,28.59,4759
60,0.3,0.33,0.86,28.59,5123
63,0.2,0.71,0.29,30.25,16261
63,0.2,0.71,0.1,30.25,35395
63,0.2,0.71,1.94,30.25,2281
63,0.2,0.71,1.43,30.25,8336
63,0.28,0.41,0.82,28.92,2958
63,0.26,0.35,3.76,28.93,1862
63,0.2,0.71,1.8,30.25,4024
40,0.26,0.3,1.01,28.23,1994
60.5,0.23,0.38,2.05,28.87,3192
60,0.24,0.44,0.72,28.63,5650
59,0.24,0.44,0.67,28.63,6740
59.67,0.24,0.44,0.45,28.63,2442
16,0.38,0.11,2.52,23.11,689
11.11,0.34,0.11,10.88,24.36,331
63,0.14,0.88,0.58,30.88,5474
62.5,0.2,0.8,0.5,27.91,7662
63,0.2,0.87,0.7,30.85,5471
63,0.2,0.87,0.39,30.85,18817
62,0.2,0.8,0.29,27.91,11532
63,0.2,0.8,0.63,27.91,5933
63,0.2,0.8,0.43,27.91,9563
63,0.2,0.87,1.32,30.85,2449
63,0.2,0.87,0.54,30.85,8081
63,0.13,0.82,0.51,30.18,24921
63,0.16,0.65,0.32,28.96,19157
63,0.13,0.82,0.41,30.18,15389
63,0.13,0.82,0.86,30.18,1729
63,0.16,0.65,0.3,28.96,34849
63,0.13,0.82,0.35,30.18,31257
63,0.24,0.72,0.42,26.93,3058
63,0.24,0.72,1.06,26.93,5866
63,0.24,0.72,0.98,26.93,8116
62.33,0.28,0.1,1.34,28.71,5027
63,0.2,0.8,0.63,27.91,9945
62,0.3,0.18,0.42,24.88,10165
63,0.2,0.8,0.5,27.91,5110
62,0.24,0.53,1.35,26.61,5162
62,0.3,0.18,0.32,24.88,8399
63,0.2,0.8,0.91,27.91,908
63,0.2,0.77,1.57,28.06,2539
62,0.24,0.53,1.97,26.61,2022
62,0.33,0.11,1.39,26.6,25
62,0.33,0.11,0.78,26.6,3117
62.5,0.16,0.65,0.41,28.96,18287
63,0.16,0.65,0.42,28.96,25890
63,0.16,0.65,0.38,28.96,18608
63,0.24,0.72,0.26,26.93,4032
63,0.29,0.58,0.19,26.57,26054
63,0.28,0.1,0.62,28.71,8332
63,0.28,0.1,0.47,28.71,9562
63,0.28,0.1,0.66,28.71,7840
63,0.2,0.8,0.59,27.91,6372
63,0.14,0.88,0.4,30.88,5792
63,0.14,0.88,0.57,30.88,3834
63,0.14,0.88,0.52,30.88,6019
63,0.18,0.87,0.58,30.86,6083
63,0.14,0.88,0.42,30.88,259
63,0.2,0.87,0.6,30.85,4568
63,0.2,0.87,0.63,30.85,4050
63,0.2,0.87,1.4,30.85,1928
63,0.2,0.87,0.31,30.85,6912
63,0.2,0.87,0.31,30.85,6925
63,0.2,0.87,0.44,30.85,8503
63,0.2,0.87,0.61,30.85,5566
63,0.2,0.87,0.36,30.85,5845
63,0.2,0.87,0.19,30.85,6733
63,0.2,0.87,0.29,30.85,8509
63,0.2,0.87,0.34,30.85,7002
62,0.2,0.8,0.44,27.91,7195
63,0.2,0.87,0.32,30.85,7198
62.2,0.18,0.74,0.76,28.33,4703
63,0.2,0.8,0.52,27.91,13053
63,0.2,0.87,0.23,30.85,10168
63,0.2,0.87,0.16,30.85,20739
63,0.2,0.87,0.4,30.85,5944
63,0.2,0.87,0.3,30.85,7659
63,0.13,0.82,0.46,30.18,4271
63,0.2,0.87,0.95,30.85,2031
63,0.13,0.82,1.2,30.18,208
63,0.16,0.65,0.28,28.96,17619
63,0.16,0.65,0.26,28.96,25132
63,0.13,0.82,0.39,30.18,15097
63,0.16,0.65,0.26,28.96,23659
63,0.13,0.82,0.64,30.18,1379
63,0.13,0.82,0.66,30.18,2975
63,0.13,0.82,0.62,30.18,9814
63,0.16,0.65,0.23,28.96,29997
63,0.22,0.62,0.23,27.76,32793
63,0.16,0.65,0.23,28.96,12922
63,0.22,0.62,0.27,27.76,18406
62,0.16,0.65,0.16,28.96,26858
62,0.16,0.65,0.24,28.96,2385
62,0.16,0.65,0.21,28.96,24186
62,0.16,0.65,0.25,28.96,24698
63,0.16,0.65,0.13,28.96,23627
63,0.16,0.65,0.19,28.96,19049
63,0.33,0.11,0.22,26.6,22440
63,0.16,0.65,0.18,28.96,30824
63,0.29,0.58,0.2,26.57,30671
63,0.16,0.65,0.15,28.96,29506
62.33,0.16,0.65,0.35,28.96,19110
63,0.16,0.65,0.32,28.96,32523
63,0.16,0.65,0.19,28.96,25433
62,0.2,0.8,0.32,27.91,12138
62,0.2,0.8,0.31,27.91,13263
63,0.13,0.82,0.2,30.18,23033
62,0.25,0.33,0.76,28.44,5444
62,0.2,0.8,0.58,27.91,11900
62,0.16,0.65,0.17,28.96,29373
62,0.16,0.65,0.18,28.96,26873
62,0.16,0.65,0.29,28.96,8378
62,0.16,0.65,0.11,28.96,26699
62,0.33,0.11,0.25,26.6,14929
63,0.16,0.65,0.14,28.96,22934
62,0.2,0.8,0.2,27.91,28406
62,0.2,0.8,0.36,27.91,8915
63,0.16,0.65,0.22,28.96,27535
63,0.16,0.65,0.18,28.96,28279
63,0.16,0.65,0.16,28.96,20656
63,0.13,0.82,0.34,30.18,16209
63,0.13,0.82,0.19,30.18,36420
63,0.33,0.11,0.24,26.6,21528
63,0.29,0.58,0.37,26.57,4807
63,0.33,0.11,0.18,26.6,20768
63,0.33,0.11,0.16,26.6,21783
63,0.36,0.11,0.41,25.72,10378
63,0.16,0.65,0.41,28.96,13815
63,0.29,0.58,0.62,26.57,6255
63,0.29,0.58,0.21,26.57,22115
63,0.16,0.65,0.19,28.96,25063
62,0.2,0.8,0.27,27.91,8640
63,0.29,0.58,0.25,26.57,25084
63,0.33,0.11,0.32,26.6,3499
63,0.15,0.8,5.16,29.69,673
62,0.28,0.1,0.23,28.71, -   
62,0.28,0.1,0.12,28.71,15285
62,0.28,0.1,0.26,28.71,7385
63,0.16,0.65,0.08,28.96,31992
63,0.29,0.58,0.4,26.57,983
62,0.28,0.1,0.25,28.71,462
62,0.33,0.11,0.34,26.6,13091
62,0.33,0.11,0.26,26.6,19256
62,0.28,0.1,0.44,28.71,785
44,0.4,0.13,1.32,21.03,2930
62.2,0.33,0.11,1.17,26.6,3717
63,0.1,0.73,0.26,33.14,20868
60,0.1,0.73,0.23,33.14,15970
63,0.1,0.73,0.27,33.14,17406
63,0.1,0.73,0.23,33.14,17332
63,0.1,0.73,0.31,33.14,22179
63,0.1,0.73,0.39,33.14,17125
60,0.1,0.73,0.29,33.14,27652
63,0.1,0.73,0.13,33.14,26085
63,0.1,0.73,0.38,33.14,23029
63,0.11,0.74,0.34,32.01,15079
63,0.11,0.74,0.42,32.01,11451
63,0.11,0.74,0.33,32.01,12322
63,0.11,0.74,0.24,32.01,22643
63,0.08,0.61,0.24,33.78,20817
63,0.08,0.61,0.23,33.78,24417
63,0.08,0.61,0.23,33.78,22333
63,0.08,0.61,0.23,33.78,24588
63,0.08,0.61,0.31,33.78,21242
63,0.08,0.61,0.29,33.78,25114
63,0.08,0.61,0.31,33.78,18098
63,0.08,0.61,0.26,33.78,22935
63,0.08,0.61,0.28,33.78,18603
63,0.08,0.61,0.33,33.78,18309
63,0.08,0.61,0.25,33.78,16561
63,0.17,0.59,0.36,33.53,22684
63,0.17,0.59,0.48,33.53,19197
63,0.17,0.59,0.51,33.53,20131
63,0.08,0.61,0.32,32.41,19302
63,0.17,0.59,0.36,33.53,22519
63,0.17,0.59,0.46,33.53,21299
63,0.17,0.59,0.35,33.53,23755
63,0.08,0.61,0.3,32.41,24133
63,0.08,0.61,0.21,33.78,26150
63,0.17,0.59,0.27,33.53,22803
63,0.17,0.59,0.27,33.53,23556
63,0.17,0.59,0.32,33.53,23431
63,0.17,0.59,0.28,33.53,26153
63,0.17,0.59,0.33,33.53,26537
63,0.17,0.59,0.44,33.53,21580
63,0.17,0.59,0.33,33.53,27319
63,0.09,0.62,0.23,32.36,27057
63,0.08,0.61,0.29,33.78,23206
63,0.08,0.61,0.29,33.78,27935
63,0.08,0.61,0.35,33.78,26880
63,0.08,0.61,0.35,33.78,28325
63,0.08,0.61,0.35,33.78,23820
63,0.17,0.59,0.31,33.53,25613
63,0.08,0.61,0.32,33.78,21451
63,0.17,0.59,0.3,33.53,27610
63,0.17,0.59,0.41,33.53,27159
63,0.17,0.59,0.34,33.53,22590
63,0.08,0.61,0.31,33.85,23478
63,0.09,0.63,0.24,32.31,25530
63,0.09,0.63,0.29,32.31,26330
63,0.09,0.63,0.29,32.31,26392
63,0.09,0.63,0.23,32.31,34011
63,0.08,0.61,0.36,33.85,28718
63,0.08,0.61,0.36,33.85,23122
63,0.09,0.63,0.25,32.31,28031
63,0.08,0.61,0.18,33.78,25513
63,0.08,0.61,0.31,33.78,23216
63,0.08,0.61,0.36,33.78,22475
63,0.08,0.61,0.26,33.78,22455
63,0.17,0.59,0.31,33.53,22107
63,0.08,0.61,0.27,33.85,25925
63,0.12,0.6,0.32,33.69,21856
63,0.08,0.61,0.35,33.85,24367
63,0.08,0.61,0.34,33.85,23473
63,0.08,0.61,0.29,33.85,23037
63,0.08,0.61,0.27,33.85,16977
63,0.08,0.61,0.26,33.85,16103
63,0.08,0.61,0.23,33.85,23693
63,0.08,0.61,0.19,33.85,24562
63,0.09,0.63,0.25,32.31,21071
63,0.09,0.63,0.22,32.31,27096
63,0.09,0.63,0.21,32.31,22391
63,0.09,0.63,0.23,32.31,22914
63,0.08,0.61,0.38,33.85,24870
63,0.08,0.61,0.29,33.78,28718
63,0.1,0.69,0.23,33.71,23024
63,0.12,0.78,0.26,33.64,24897
63,0.12,0.78,0.28,33.64,24991
63,0.12,0.78,0.3,33.64,25779
63,0.12,0.78,0.35,33.64,22299
63,0.08,0.61,0.42,33.85,22332
63,0.08,0.61,0.3,33.85,24266
63,0.08,0.61,0.33,33.85,24988
63,0.08,0.61,0.37,33.85,22182
63,0.08,0.61,0.3,33.85,18908
63,0.08,0.61,0.33,33.85,20616
63,0.08,0.61,0.27,33.85,17659
63,0.08,0.61,0.19,33.85,23001
63,0.08,0.61,0.36,33.85,25680
63,0.08,0.61,0.31,33.85,26021
63,0.08,0.61,0.3,33.85,20468
63,0.08,0.61,0.22,33.85,26871
63,0.08,0.61,0.35,33.85,22543
63,0.09,0.63,0.31,32.31,21835
63,0.09,0.63,0.31,32.31,19986
63,0.09,0.63,0.26,32.31,23015
63,0.09,0.63,0.24,32.31,26858
63,0.08,0.61,0.27,33.78,24050
63,0.1,0.69,0.24,33.71,22877
63,0.08,0.61,0.4,33.85,25652
60,0.1,0.73,0.61,32.76,8166
60,0.11,0.74,0.59,32.01,14869
63,0.09,0.63,0.8,32.35,8806
63,0.09,0.63,0.54,32.31,4607
63,0.09,0.63,0.35,32.31,27039
63,0.09,0.63,0.5,32.31,16552
60,0.11,0.74,0.23,32.01,25062
63,0.11,0.74,0.3,32.01,13294
63,0.1,0.73,0.19,33.14,20501
63,0.1,0.73,0.21,33.14,15149
63,0.1,0.73,0.26,33.14,9952
60,0.1,0.73,0.48,33.14,14529
60,0.1,0.73,0.57,33.14,23957
63,0.11,0.74,0.23,32.01,17348
63,0.1,0.73,0.14,33.14,18752
60,0.11,0.74,0.15,32.01,30372
60,0.11,0.74,0.14,32.01,31071
63,0.08,0.61,0.21,32.41,19355
63,0.09,0.63,0.45,32.31,9983
53,0.21,0.24,2.14,32.18,1786
54.2,0.22,0.15,1.05,31.67,3123
54.5,0.22,0.15,0.71,31.67,2752
61.43,0.22,0.15,1.39,31.67,1619
62,0.22,0.15,0.81,31.67,1781
56,0.22,0.15,0.89,31.67,1933
56,0.21,0.24,0.7,32.88,2734
56,0.22,0.11,1.31,32.72,1353
63,0.21,0.45,1.47,28.73,7695
63,0.22,0.44,0.75,28.64,7358
63,0.24,0.43,0.52,28.45,12074
63,0.24,0.43,0.75,28.45,12826
63,0.15,0.6,0.8,28.97,7657
58.18,0.3,0.11,2.63,27.25,4698
61,0.24,0.43,0.36,28.45,7634
63,0.21,0.48,1.92,28.83,3603
63,0.21,0.45,0.5,28.73,6700
63,0.21,0.45,0.49,28.73,12277
63,0.24,0.43,0.39,28.45,15554
63,0.22,0.44,0.26,28.59,12363
63,0.21,0.45,0.37,28.73,12218
63,0.21,0.45,0.64,28.73,7930
63,0.21,0.45,0.36,28.73,8652
63,0.15,0.6,0.4,28.97,20268
63,0.15,0.6,0.38,28.97,14755
57,0.21,0.45,0.84,28.73,5527
63,0.24,0.43,0.47,28.45,15565
63,0.24,0.43,0.45,28.45,13484
63,0.33,0.43,0.73,26.83,5031
63,0.24,0.43,0.36,28.45,12250
63,0.22,0.44,0.59,28.59,7745
63,0.24,0.43,0.74,28.45,6812
63,0.24,0.43,0.6,28.45,10061
62.33,0.24,0.43,0.74,28.45,9809
54,0.21,0.45,0.6,28.73,10312
63,0.3,0.11,0.8,27.25,6088
63,0.33,0.11,0.7,26.75,7089
63,0.3,0.11,0.79,27.25,7347
58.5,0.3,0.11,0.66,27.25,7606
57,0.21,0.45,0.43,28.73,9671
54,0.3,0.11,0.26,27.25,3252
62.33,0.24,0.43,0.66,28.45,9294
54,0.21,0.45,0.39,28.73,10097
54,0.21,0.45,0.61,28.73,4781
60.33,0.3,0.11,0.94,27.25,6070
59,0.34,0.11,0.51,26.5,6349
63,0.24,0.43,0.94,28.45,9470
63,0.24,0.43,0.69,28.45,10786
63,0.15,0.6,0.39,28.97,10694
60,0.21,0.45,0.28,28.73,11916
63,0.24,0.43,0.15,28.45,14084
63,0.24,0.43,0.49,28.45,5374
60,0.21,0.45,0.07,28.73,6264
63,0.21,0.45,0.77,28.73,4808
60,0.24,0.45,0.87,28.62,632
52,0.34,0.11,1.8,24.82,3882
59,0.3,0.11,0.38,27.25,3491
59,0.36,0.11,2.39,26.25,2475
59,0.3,0.11,0.32,27.25,4815
27,0.25,0.17,0.66,30.55,1374
27,0.25,0.17,0.43,30.55,1676
16,0.25,0.17,1.11,30.55,356
23.33,0.25,0.17,0.39,30.55,1409
16,0.25,0.17,0.48,30.55,1518
27,0.24,0.21,0.35,30.26,2093
27,0.24,0.21,0.67,30.26,1866
27,0.24,0.21,0.48,30.26,1849
55,0.23,0.33,0.81,27.74,6311
42,0.23,0.33,1.26,27.74,2989
42,0.23,0.33,0.28,27.74,1579
49,0.23,0.33,1.51,27.74,5921
42,0.24,0.22,0.56,30.03,4493
45.6,0.24,0.22,1.6,30.03,2084
38.8,0.24,0.22,1.1,30.03,2023
42,0.24,0.22,0.6,30.03,1428
42,0.24,0.22,0.89,30.03,820
38,0.24,0.22,0.26,30.03,1299
38,0.29,0.29,0.75,29.96,1762
38,0.29,0.29,0.53,29.96,1500
38,0.29,0.29,0.61,29.96,2103
34,0.25,0.26,1.4,29.31,921
31,0.26,0.27,1.64,29.41,970
47,0.31,0.18,1.05,27.38,2513
47,0.3,0.22,0.56,28.34,3157
54.29,0.27,0.26,1.67,27.73,3430
54,0.27,0.26,2.37,27.73,2321
54.67,0.27,0.14,0.96,28.66,3923
54,0.27,0.14,0.65,28.66,632
55,0.29,0.26,1.52,27.4,2887
55,0.27,0.26,1.21,27.73,3601
56,0.25,0.21,1.14,28.64,1214
57,0.25,0.21,0.72,28.64,1020
57.56,0.26,0.18,2.19,28.65,1616
58,0.27,0.16,1.22,30.39,2158
58.6,0.27,0.16,0.82,30.39,1626
63,0.14,0.42,0.4,32.09,10638
63,0.14,0.42,0.3,32.09,14277
63,0.09,0.63,0.33,32.31,21883
63,0.14,0.42,0.25,32.09,24664
63,0.14,0.42,0.71,32.09,4656
63,0.14,0.42,1,32.09,2704
63,0.14,0.42,0.23,32.09,17143
63,0.09,0.63,0.15,32.31,21320
63,0.09,0.63,0.17,32.31,22719
63,0.14,0.42,0.25,32.09,24559
63,0.14,0.42,0.22,32.09,17718
63,0.14,0.42,0.33,32.09,5046
63,0.14,0.42,0.58,32.09,5105
63,0.09,0.63,0.17,32.31,20859
63,0.14,0.62,0.47,29.98,3480
63,0.14,0.62,0.62,29.98,9945
63,0.09,0.63,0.27,32.31,17890
63,0.14,0.62,0.57,29.98,7310
63,0.17,0.55,0.72,30.55,5476
63,0.14,0.62,0.82,29.98,6437
63,0.14,0.62,0.87,29.98,8840
63,0.12,0.49,0.25,32.16,13738
63,0.14,0.42,0.64,32.09,5179
63,0.14,0.42,1.12,32.09,6140
63,0.14,0.42,0.24,32.09,4861
63,0.14,0.42,1.54,32.09,1607
62,0.14,0.62,0.63,29.98,6062
63,0.14,0.62,0.65,29.98,5392
62,0.14,0.62,0.25,29.98,12436
63,0.18,0.53,0.71,30.74,3904
63,0.18,0.53,0.52,30.74,10646
63,0.14,0.62,0.92,29.98,7258
62.5,0.14,0.62,0.47,29.98,6486
62,0.14,0.62,0.28,29.98,5083
62,0.14,0.62,0.24,29.98,11588
62,0.14,0.62,0.3,29.98,5529
62,0.18,0.47,0.47,29.71,2127
62,0.18,0.47,0.33,29.71,2264
62,0.18,0.47,0.42,29.71,902
62,0.18,0.47,0.21,29.71,2138
63,0.18,0.53,0.31,30.74,9548
63,0.18,0.53,0.27,30.74,10145
62,0.18,0.53,0.17,30.74,10969
63,0.18,0.53,0.28,30.74,8014
63,0.18,0.53,0.43,30.74,2167
63,0.18,0.53,0.16,30.74,13240
63,0.18,0.53,0.7,30.74,1868
63,0.18,0.53,0.4,30.74,7072
62,0.18,0.53,0.24,30.74,8802
62,0.18,0.53,0.19,30.74,12270
21,0.28,0.18,1.1,29.54,1742
21,0.26,0.18,0.65,29.61,467
37,0.28,0.52,0.67,28.76,4169
37,0.31,0.52,0.69,28.69,7655
37,0.19,0.52,0.15,28.96,1792
31,0.23,0.25,1.3,27.73,1445
31,0.23,0.25,0.04,27.73,6430
31,0.23,0.25,0.13,27.73,3940
18.49,0.28,0.16,7.62,27.39,443
20,0.26,0.16,0.44,27.29,3407
20,0.26,0.16,0.91,27.29,2444
19.5,0.27,0.16,1.3,25.62,1530
17.86,0.26,0.16,1.98,27.29,1430
20,0.26,0.16,0.13,27.29,718
14,0.24,0.21,3.37,27.71,792
18,0.27,0.16,3.59,27.34,398
45,0.24,0.21,0.56,30.87,3095
60,0.24,0.21,0.37,30.87,5535
50,0.24,0.21,0.59,30.87,6236
44.67,0.24,0.21,1.13,30.87,2518
55,0.24,0.21,0.56,30.87,3695
54.33,0.24,0.41,1.66,29.75,4574
57.67,0.31,0.33,0.76,29.35,6277
51,0.31,0.33,0.64,29.35,4972
51,0.24,0.41,0.74,29.75,5379
51,0.25,0.36,1.11,28.99,4267
51,0.37,0.33,0.52,26.47,6705
61,0.24,0.41,0.49,29.75,6265
61,0.24,0.41,0.52,29.75,8163
61,0.24,0.41,0.75,29.75,5216
51,0.31,0.33,0.45,29.35,2000
63,0.24,0.41,0.86,29.75,3669
63,0.24,0.41,1.37,29.75,2663
62,0.24,0.41,0.93,29.75,2799
51,0.24,0.41,0.61,29.75,7362
51,0.24,0.41,0.48,29.75,4806
51,0.26,0.3,0.28,28.23,2017
59.57,0.24,0.41,1.89,29.75,2223
18,0.26,0.2,1.03,28.88,414
57,0.16,0.61,0.98,32.82,4333
57,0.16,0.61,1.09,32.82,3622
57.67,0.16,0.61,0.67,32.82,4028
59.4,0.16,0.61,1.23,32.82,2403
61,0.16,0.61,0.34,32.82,1654
59,0.24,0.29,2.41,32.85,893
62,0.24,0.3,2.16,32.82,1123
59.75,0.25,0.25,0.92,32.89,2425
61.4,0.28,0.12,1.52,33.07,1666
60,0.2,0.45,0.63,32.62,6745
59,0.2,0.45,0.79,32.62,3132
59,0.2,0.45,0.95,32.62,3325
59.67,0.19,0.28,1.56,31.52,3347
57,0.21,0.3,1.13,32.28,3443
57,0.2,0.45,1.31,32.62,3080
57,0.23,0.27,1.44,32.48,3382
57,0.22,0.19,0.83,31.45,2769
57,0.22,0.19,1.26,31.45,1398
57,0.2,0.45,0.49,32.62,325
57,0.21,0.28,0.74,32.18,567
57,0.26,0.15,0.04,32.39,1667
62,0.24,0.44,0.86,31.08,3158
62.67,0.24,0.44,2.04,31.08,1995
62,0.24,0.44,0.99,31.08,4435
62,0.24,0.44,0.81,31.08,4219
62,0.22,0.39,0.65,31.16,6497
62,0.24,0.44,0.31,31.08,5923
62,0.24,0.44,0.36,31.08,8426
62,0.24,0.44,0.21,31.08,8820
62,0.24,0.44,0.51,31.08,8037
62,0.24,0.44,0.43,31.08,8018
62,0.22,0.49,0.83,31.35,4171
62.67,0.18,0.59,0.53,31.89,8352
62,0.19,0.31,0.87,31.33,8341
63,0.2,0.55,2.4,31.67,5060
62,0.24,0.44,1.02,31.43,5659
62,0.24,0.44,1.33,31.38,3402
62,0.19,0.31,0.34,31.33,9696
62,0.19,0.31,0.43,31.33,7402
62,0.19,0.31,0.26,31.33,17018
62,0.19,0.31,0.31,31.33,14263
63,0.24,0.44,0.42,31.08,2975
62,0.25,0.44,0.86,31.96,9935
63,0.18,0.59,0.53,31.89,17681
63,0.18,0.59,0.64,31.89,16835
63,0.18,0.59,0.42,31.89,20327
63,0.18,0.59,0.44,31.89,24192
63,0.18,0.59,0.59,31.89,10364
63,0.24,0.44,0.58,31.08,6154
63,0.17,0.7,0.74,30.71,7897
59,0.19,0.31,0.35,31.33,10153
63,0.2,0.59,0.77,31.3,14530
63,0.2,0.59,0.73,31.3,11798
63,0.2,0.59,1.8,31.3,4747
63,0.19,0.59,1.18,31.42,17034
63,0.2,0.59,0.38,31.3,15052
63,0.2,0.59,0.22,31.3,185
62,0.16,0.61,0.36,32.82,5015
62,0.16,0.61,0.24,32.82,15511
61,0.18,0.46,0.31,32.07,15651
61,0.19,0.31,0.36,31.33,14308
61,0.19,0.31,0.42,31.33,12501
61,0.19,0.31,0.27,31.33,3188
61,0.19,0.31,0.67,31.33,5645
61,0.23,0.19,0.81,31.99,4008
62,0.24,0.44,0.44,31.08,10087
62,0.24,0.44,0.77,31.08,5508
51.71,0.23,0.56,1.05,31.09,2567
33.14,0.22,0.16,1.63,31.52,689
26,0.21,0.15,1.13,31.12,2046
36,0.21,0.15,1.18,31.12,1034
26,0.21,0.15,0.89,31.12,1866
16,0.22,0.31,1.08,30.63,1584
32,0.25,0.28,1.35,29.67,1753
32,0.23,0.23,0.54,31,3205
32,0.23,0.23,0.3,31,1674
35,0.23,0.23,0.81,31,2506
34.25,0.23,0.23,1.11,31,1938
35,0.23,0.23,0.64,31,1712
22,0.31,0.1,0.29,26.02,27
22,0.31,0.1,1.04,26.02,1276
19,0.49,0.1,0.71,23.15,2004
14,0.31,0.1,0.8,26.02,1430
10,0.31,0.1,1.23,26.02,2119
10,0.31,0.1,0.73,26.02,1923
10,0.31,0.1,0.69,26.02,2854
10,0.31,0.15,0.23,26.32,1349
22,0.31,0.1,0.1,26.02,2081
22,0.3,0.17,2.31,26.12,1196
15.5,0.28,0.17,0.55,25.71,361
20,0.33,0.14,1.19,26.64,1590
19.79,0.36,0.15,3.08,26.52,601
39,0.3,0.15,2.29,27.11,1888
36.83,0.29,0.15,2.67,26.96,1409
55,0.29,0.14,2.57,27.84,2242
54,0.28,0.14,0.43,28.09,5996
61,0.31,0.12,0.47,25.93,10750
61,0.31,0.12,0.44,25.93,6502
61,0.31,0.12,0.54,25.93,7938
61,0.31,0.12,0.38,25.93,2132
55.75,0.31,0.12,1.1,25.93,4117
56,0.5,0.17,1.02,22.86,2810
62,0.49,0.22,0.76,23.99,5008
61,0.43,0.22,0.07,25.01, -   
41,0.31,0.12,0.6,25.93,6347
38,0.39,0.23,1.44,22.92,2458
41,0.31,0.12,0.86,25.93,5650
33,0.26,0.52,0.36,29.68,838
33,0.26,0.52,0.49,29.68,3727
33,0.26,0.52,0.42,29.68,4993
33,0.26,0.52,0.31,29.68,4579
35,0.26,0.56,1.43,27.48,2423
35,0.18,0.56,0.46,23.1,8458
31.5,0.18,0.56,0.76,23.1,6655
29.5,0.18,0.56,0.85,23.1,6571
35,0.18,0.56,0.06,23.1,4660
24,0.18,0.56,0.11,23.1,2817
27,0.27,0.15,0.52,23.11,5726
63,0.28,0.36,3.07,29.18,2437
63,0.32,0.36,1.92,30.01,3742
61,0.28,0.36,1.24,29.83,4033
63,0.19,0.36,0.82,29.46,7780
63,0.19,0.36,0.72,29.46,6465
63,0.47,0.12,2.88,28.49,2223
60,0.25,0.15,1.69,31.13,3089
60,0.27,0.28,0.66,30.59,4638
60,0.24,0.28,0.82,30.82,3891
60,0.26,0.28,0.79,30.66,3510
60,0.25,0.28,1.16,30.74,3134
60,0.21,0.24,0.42,31.15,1405
60,0.26,0.11,0.4,31.27,8054
61,0.26,0.11,0.52,31.27,1393
61,0.26,0.11,0.36,31.27,1901
60,0.24,0.24,1.06,30.56,2955
60,0.24,0.21,0.07,30.87,2945
60,0.24,0.27,0.53,30.24,4085
57,0.24,0.27,1.43,30.24,2241
46,0.28,0.15,1.03,28.33,1972
46,0.26,0.4,0.99,26.59,1059
46,0.28,0.15,0.56,28.33,1893
46,0.28,0.15,0.49,28.33,1317
46,0.28,0.15,0.29,28.33,2365
55,0.28,0.26,1.38,28.23,1877
55,0.28,0.16,1.81,30.46,830
55,0.28,0.15,0.95,28.33,1411
29,0.27,0.21,2.45,24.98,1429
63,0.24,0.32,0.56,28.7,890
55.86,0.24,0.32,1.87,28.7,2119
63,0.24,0.32,0.57,28.7,1615
63,0.19,0.36,1.17,29.46,2719
63,0.15,0.43,1.17,30.31,9
63,0.23,0.34,1.54,28.93,982
63,0.22,0.34,0.96,29.02,2073
63,0.2,0.17,0.58,29.72,5859
56.33,0.21,0.22,0.73,29.38,8308
63,0.24,0.32,0.84,28.7,3779
63,0.19,0.36,0.17,29.46,8676
63,0.19,0.36,0.23,29.46,24429
53,0.2,0.17,0.21,29.72,2689
63,0.19,0.38,1.34,29.62,15
60.78,0.28,0.32,1.69,27.02,1685
58.71,0.24,0.32,1.25,28.7,2198
57,0.29,0.18,2.45,27.22,1156
57,0.29,0.18,2.23,28.39,1088
35,0.24,0.19,0.57,29.85,6091
61,0.24,0.19,0.56,29.85,5720
59,0.24,0.19,1,29.85,3597
61,0.24,0.19,0.69,29.85,5352
29,0.21,0.12,0.39,31.09,2733
29,0.34,0.12,0.66,29.96,2671
29,0.21,0.12,0.72,31.09,1665
29,0.33,0.12,0.99,30.07,828
62,0.29,0.13,0.96,30.27,4747
62,0.27,0.14,0.64,30.63,6978
62.56,0.25,0.23,2.04,30.88,2783
58.43,0.25,0.45,1.51,28.82,1671
59,0.28,0.25,0.38,25.97,1728
57,0.25,0.45,0.18,28.82,1518
57,0.25,0.45,0.16,28.82,729
62.5,0.3,0.15,2.98,30.13,1901
35.67,0.21,0.52,0.75,28.56,3070
59,0.21,0.52,0.13,28.56,22216
40.4,0.25,0.2,1.33,25.13,2307
38,0.27,0.2,1.78,24.23,1376
41,0.25,0.2,0.52,25.13,1401
41,0.25,0.2,0.62,25.13,455
57,0.25,0.45,1.39,28.82,2178
58.5,0.22,0.38,1.17,29.93,4993
62,0.22,0.38,1.05,29.93,2105
62.75,0.22,0.38,0.57,29.93,5280
59,0.28,0.25,0.78,25.97,2017
59,0.25,0.45,0.5,28.82,4705
40.77,0.38,0.2,2.45,19.54,1132
62,0.25,0.23,0.32,30.88,3626
62,0.21,0.45,1.03,31.36,2032
62,0.23,0.33,0.7,31.09,7911
63,0.19,0.52,1.12,31.52,2989
24,0.21,0.52,1.3,28.56,2560
24,0.21,0.52,0.39,28.56,2319
24,0.21,0.52,0.31,28.56,681
62,0.28,0.45,1.72,30.3,2961
60,0.21,0.36,0.85,30.88,2665
62,0.21,0.36,1.23,30.88,3191
62,0.21,0.36,0.18,30.88,626
62,0.21,0.36,0.82,30.88,3271
62,0.21,0.36,0.66,30.88,4700
62,0.21,0.36,0.62,30.88,6764
61,0.2,0.56,0.81,31.12,2924
60,0.2,0.56,0.43,31.12,3958
62,0.2,0.56,0.87,31.12,2132
60,0.2,0.56,0.18,31.12,3313
62,0.16,0.62,0.43,32.41,3574
62,0.16,0.62,0.51,32.41,2979
62,0.2,0.56,0.8,31.12,1092
62,0.16,0.62,0.39,32.41,3346
62,0.16,0.62,0.27,32.41,3187
60,0.16,0.62,0.46,32.41,3480
60,0.16,0.62,0.31,32.41,3286
61.33,0.2,0.56,0.73,31.12,1225
51.86,0.28,0.23,1.75,28.03,1240
60,0.28,0.23,0.59,28.03,6206
60,0.3,0.21,0.97,27.57,6773
60,0.37,0.1,0.57,25.74,10416
60,0.37,0.1,0.55,25.74,3090
56,0.41,0.11,0.25,24.03,11708
56,0.41,0.11,0.13,24.03,11250
56,0.41,0.11,0.48,24.03,505
57,0.28,0.44,1.36,27.11,3296
52,0.28,0.44,0.63,27.11,6201
57,0.28,0.44,0.74,27.11,2228
28,0.28,0.44,0.23,27.11,4384
47,0.28,0.44,0.71,27.11,2183
28,0.28,0.44,0.61,27.11,3247
36,0.28,0.44,0.59,27.11,1350
32,0.37,0.14,0.26,21.27,8544
32,0.37,0.14,0.37,21.27,7679
32,0.37,0.14,0.73,21.27,5101
33.33,0.37,0.14,0.67,21.27,1091
43.33,0.37,0.14,0.82,21.27,4080
41.5,0.37,0.14,0.55,21.27,6114
36,0.37,0.14,0.11,21.27,1344
63,0.2,0.59,1.04,30.85,3010
63,0.18,0.64,2.42,30.66,3737
63,0.2,0.59,0.19,30.85,19460
63,0.2,0.59,0.14,30.85,27583
63,0.2,0.59,0.47,30.85,12139
63,0.2,0.59,1.17,30.85,495
63,0.28,0.48,0.23,31.37,9370
63,0.28,0.48,0.25,31.37,8031
63,0.28,0.48,0.79,31.37,4149
63,0.2,0.59,0.43,30.85,8432
63,0.2,0.59,0.34,30.85,13609
63,0.2,0.59,0.2,30.85,18380
63,0.28,0.48,0.6,31.37,5726
63,0.28,0.48,0.28,31.37,11960
63,0.28,0.48,0.23,31.37,11243
63,0.28,0.48,0.21,31.37,9842
63,0.2,0.59,0.4,30.85,3978
63,0.14,0.88,0.31,30.88,27646
63,0.28,0.48,0.45,31.37,6028
63,0.17,0.76,0.42,32.47,5824
63,0.17,0.76,0.39,32.47,8902
63,0.32,0.2,0.17,28.63,19822
63,0.17,0.76,0.33,32.47,2805
63,0.17,0.76,0.2,32.47,5011
63,0.17,0.76,0.4,32.47,9121
63,0.17,0.75,0.32,31.73,23765
63,0.14,0.88,0.33,30.88,10011
63,0.14,0.88,0.19,30.88,11524
63,0.14,0.88,0.2,30.88,9886
63,0.14,0.88,0.82,30.88,6421
63,0.14,0.88,0.11,30.88,5765
63,0.14,0.88,0.12,30.88,11335
63,0.14,0.88,0.21,30.88,9367
63,0.17,0.76,0.24,32.47,15478
63,0.17,0.76,0.66,32.47,9714
63,0.17,0.75,0.23,31.73,23323
63,0.14,0.88,0.14,30.88,13775
63,0.17,0.76,0.29,32.47,8328
63,0.17,0.76,0.33,32.47,11147
63,0.17,0.75,0.32,31.73,11966
63,0.17,0.75,0.3,31.73,22475
63,0.14,0.88,0.34,30.88,9423
63,0.14,0.88,0.2,30.88,8487
63,0.14,0.88,0.31,30.88,9225
63,0.17,0.76,0.55,32.47,12035
63,0.14,0.88,0.22,30.88,12073
63,0.14,0.88,0.2,30.88,9299
63,0.14,0.88,0.21,30.88,12100
63,0.14,0.88,0.27,30.88,10068
63,0.14,0.88,0.17,30.88,19268
63,0.17,0.76,0.14,32.47,24368
63,0.17,0.87,0.83,30.86,6465
63,0.17,0.76,0.1,32.47,23874
63,0.17,0.76,0.12,32.47,22287
63,0.17,0.75,0.95,31.73,2109
63,0.17,0.76,0.34,32.47,20971
63,0.07,0.7,0.24,32.82,16381
63,0.07,0.7,0.24,32.82,8945
63,0.11,0.76,0.13,32.18,20950
63,0.12,0.68,0.18,30.03,20830
63,0.12,0.68,0.14,30.03,18691
63,0.11,0.76,0.29,32.18,20510
63,0.12,0.68,0.15,30.03,19078
63,0.11,0.76,0.16,32.18,20543
63,0.12,0.68,0.23,30.03,23940
63,0.12,0.7,2.36,30.68,741
63,0.11,0.76,0.25,32.18,8525
63,0.12,0.68,0.68,30.03,10526
63,0.11,0.76,0.42,32.18,13815
63,0.11,0.76,0.56,32.18,12086
63,0.13,0.81,0.87,29.98,5622
63,0.28,0.48,0.21,31.37,18860
63,0.32,0.2,0.48,28.63,9856
63,0.12,0.68,0.49,30.03,8923
63,0.12,0.68,0.84,30.03,415
63,0.11,0.76,0.63,32.18,10400
63,0.23,0.68,0.3,28.86,8421
63,0.32,0.2,0.16,28.63,16660
63,0.12,0.68,0.5,30.03,7983
63,0.11,0.76,0.68,32.18,3475
63,0.12,0.68,0.98,30.03,2948
63,0.12,0.68,0.39,30.03,701
63,0.2,0.59,0.46,30.85,3451
63,0.32,0.2,0.45,28.63,1084
63,0.2,0.59,0.12,30.85,20909
63,0.17,0.75,0.58,31.73,21692
63,0.14,0.88,0.36,30.88,17365
63,0.14,0.88,0.63,30.88,9550
63,0.14,0.88,0.11,30.88,14225
63,0.17,0.76,0.23,32.47,10212
63,0.19,0.63,2.38,31.26,120
63,0.17,0.76,1.11,32.47,3214
63,0.12,0.68,0.79,30.03,6633
63,0.12,0.68,0.25,30.03,24865
63,0.17,0.76,0.62,32.47,6260
63,0.16,0.8,2.03,31.94,1595
63,0.17,0.76,0.43,32.47,6697
63,0.32,0.2,0.06,28.63,31220
63,0.2,0.59,0.41,30.85,8020
63,0.19,0.67,0.35,31.66,8836
63,0.32,0.2,0.14,28.63,15101
63,0.24,0.48,0.35,30.18,18795
63,0.17,0.75,0.73,31.73,6512
63,0.17,0.75,0.27,31.73,20582
63,0.2,0.59,0.53,30.85,3056
63,0.2,0.59,0.37,30.85, -   
63,0.17,0.76,1.29,32.47, -   
63,0.12,0.68,0.13,30.03,26024
63,0.12,0.68,0.18,30.03,14519
63,0.17,0.76,0.19,32.47,11234
63,0.15,0.8,1.8,28.54,7
63,0.19,0.56,0.94,30.37,10416
63,0.28,0.3,0.62,27.23,7363
63,0.28,0.3,0.78,27.23,6132
63,0.18,0.46,0.34,29.41,11116
63,0.28,0.3,0.74,27.23,7438
63,0.28,0.3,0.35,27.23,16629
63,0.28,0.3,0.28,27.23,7644
63,0.17,0.72,0.51,28.3,5850
63,0.28,0.3,0.37,27.23,7986
63,0.17,0.51,1.04,29.86,2287
63,0.17,0.72,0.43,28.3,7719
63,0.17,0.72,0.53,28.3,6759
63,0.17,0.72,0.57,28.3,7462
63,0.17,0.72,0.62,28.3,2737
63,0.17,0.72,0.58,28.3,5893
63,0.17,0.72,0.45,28.3,7118
63,0.17,0.72,0.39,28.3,10566
63,0.16,0.54,0.62,30.08,2563
63,0.17,0.72,0.41,28.3,9044
63,0.17,0.72,0.38,28.3,5610
63,0.17,0.72,0.45,28.3,5060
63,0.16,0.54,0.53,30.08,7163
63,0.17,0.72,0.59,28.3,9501
63,0.17,0.72,0.36,28.3,9540
63,0.17,0.72,0.45,28.3,3848
63,0.17,0.72,0.39,28.3,3968
63,0.17,0.72,0.31,28.3,9406
63,0.17,0.72,0.69,28.3,3874
63,0.17,0.72,0.58,28.3,10705
62.5,0.28,0.3,2.47,27.23,1926
63,0.28,0.3,0.94,27.23,6676
63,0.28,0.3,0.55,27.23,11750
63,0.18,0.46,0.77,29.41,6714
63,0.2,0.55,2.68,29.63,365
63,0.16,0.54,0.58,30.08,9588
63,0.16,0.54,1.33,30.08,7486
63,0.16,0.54,1.11,30.08,7573
63,0.25,0.3,0.31,27.42,15876
63,0.25,0.3,0.37,27.42,11398
63,0.22,0.33,0.96,27.75,3420
63,0.23,0.38,0.38,28.87,1691
63,0.23,0.38,0.49,28.87,9054
62.5,0.28,0.3,0.58,27.23,5889
63,0.18,0.46,0.33,29.41,14381
62,0.25,0.27,0.79,27.79,1407
62,0.25,0.27,0.66,27.79,325
63,0.23,0.25,0.3,28.07,3435
63,0.17,0.72,0.28,28.3,4284
63,0.16,0.54,0.86,30.08,7143
63,0.23,0.23,0.73,27.62,8752
63,0.23,0.23,0.58,27.62,9104
63,0.18,0.46,0.65,29.41,8401
63,0.18,0.46,0.52,29.41,11534
63,0.33,0.21,0.99,26.41,7339
63,0.25,0.3,0.75,27.42,7556
63,0.25,0.3,0.32,27.42,10098
63,0.25,0.3,0.34,27.42,10611
63,0.25,0.3,0.39,27.42,8280
63,0.25,0.3,0.51,27.42,8306
63,0.25,0.3,0.59,27.42,11543
63,0.17,0.72,0.49,28.3,11318
63,0.17,0.72,0.41,28.3,10437
63,0.17,0.72,0.25,28.3,11410
63,0.17,0.72,0.28,28.3,9640
63,0.17,0.72,0.38,28.3,9699
63,0.28,0.3,0.5,27.23,7429
63,0.16,0.54,0.26,30.08,6925
58,0.25,0.3,0.59,27.42,4384
63,0.18,0.46,0.42,29.41,2464
63,0.22,0.56,0.48,29.33,2813
61.13,0.25,0.3,1.85,27.42,1074
63,0.23,0.24,0.88,28.31,5398
63,0.24,0.26,1.1,28.01,6042
63,0.22,0.56,0.19,29.33,8481
63,0.22,0.56,0.76,29.33,6412
63,0.35,0.17,0.56,26.07,3528
62,0.28,0.3,0.35,27.23,1550
63,0.24,0.26,1.84,27.95,837
63,0.23,0.26,1.26,28.8,2257
63,0.23,0.23,0.22,27.62,7792
63,0.25,0.3,0.67,27.42,1951
63,0.24,0.22,0.8,28.68,4931
63,0.21,0.34,0.66,29.04,6764
63,0.28,0.3,1.06,27.23,2631
63,0.28,0.3,0.67,27.23,6438
63,0.18,0.46,0.77,29.41,4722
63,0.18,0.46,0.97,29.41,2253
63,0.18,0.46,0.73,29.41,7508
63,0.22,0.56,0.55,29.33,2947
63,0.22,0.56,0.99,29.33,4371
63,0.22,0.56,0.42,29.33,13700
63,0.28,0.3,0.37,27.23,7464
63,0.28,0.3,0.28,27.23,12662
63,0.18,0.46,0.83,29.41,2755
63,0.18,0.46,0.32,29.41,11209
63,0.18,0.46,0.41,29.41,5072
63,0.18,0.46,1.42,29.41,1346
63,0.17,0.5,2.24,29.71,459
63,0.22,0.56,1.06,29.33,6916
63,0.2,0.71,0.78,30.25,5898
63,0.22,0.56,1.12,29.33,1923
63,0.2,0.71,0.51,30.25,11557
63,0.2,0.71,0.88,30.25,2607
63,0.25,0.3,0.22,27.42,14271
63,0.25,0.3,0.65,27.42,4572
63,0.25,0.3,0.28,27.42,14542
63,0.17,0.72,0.35,28.3,9242
63,0.17,0.72,0.32,28.3,8950
63,0.23,0.23,0.33,27.62,1901
63,0.19,0.6,0.47,28.13,1377
63,0.22,0.45,1.97,29.49,2070
62,0.23,0.25,0.71,28.07,866
63,0.21,0.61,1.36,29.63,565
63,0.22,0.56,0.07,29.33,27149
63,0.18,0.46,0.48,29.41,2493
63,0.2,0.38,0.57,29.16,2170
63,0.23,0.23,0.13,27.62,1293
63,0.29,0.13,0.81,26.68,1022
63,0.23,0.23,0.64,27.62,4355
63,0.35,0.17,0.88,26.07,669
58,0.29,0.13,0.72,26.68,7841
58,0.29,0.13,1.12,26.68,4593
58,0.25,0.3,0.42,27.42,831
62,0.32,0.17,0.85,26.89,4992
48,0.2,0.47,1.29,29.29,5232
59.2,0.2,0.47,0.81,29.29,965
48,0.2,0.47,0.8,29.29,764
46.67,0.29,0.25,2.54,27.82,936
62,0.25,0.21,1.52,28.64,2832
62,0.24,0.22,1.52,28.68,3613
62,0.24,0.22,1.8,28.68,3431
62,0.24,0.22,0.65,28.68,2637
62.11,0.24,0.22,1.78,28.68,1657
58,0.25,0.28,1.29,27.29,4410
58,0.25,0.3,0.43,27.42,571
44,0.29,0.15,1.46,28.28,1176
44,0.27,0.15,1.95,28.12,1132
62,0.24,0.25,1.95,28.78,1910
62,0.27,0.14,2.63,28.66,585
62,0.24,0.22,1.57,28.67,1974
58,0.23,0.23,0.78,27.62,6107
63,0.23,0.23,0.19,27.62,3443
62.57,0.19,0.57,2.97,29.56,3650
56,0.27,0.14,0.57,28.66,13396
56,0.27,0.14,0.14,28.66,11719
56,0.27,0.14,0.39,28.66,4055
62,0.28,0.3,0.77,27.23,4364
63,0.2,0.41,2.31,29.2,3587
63,0.2,0.57,1.44,29.44,3361
63,0.2,0.57,1.5,29.44,2137
63,0.22,0.28,0.88,28.86,2394
63,0.2,0.51,1.44,29.37,2942
57.88,0.2,0.57,4.06,29.34,1676
60,0.25,0.22,2.16,28,2986
60,0.23,0.25,0.62,28.07,3813
62,0.24,0.22,0.69,28.68,3706
62,0.23,0.25,0.79,28.07,3350
62,0.24,0.24,1.94,28.07,4010
62.38,0.23,0.25,1.59,28.07,4344
62.4,0.22,0.56,1.28,29.33,7289
62.5,0.2,0.47,1,29.29,7363
62,0.22,0.56,0.6,29.33,3027
62,0.2,0.47,0.44,29.29, -   
61.1,0.21,0.54,6.19,29.21, -   
63,0.24,0.22,1.44,28.68,3393
63,0.24,0.22,0.14,28.68,1808
42,0.23,0.23,0.73,27.62,8361
42,0.24,0.23,0.84,27.21,10209
42,0.23,0.23,0.33,27.62,3333
28,0.3,0.14,0.47,28.06,7640
21.67,0.29,0.15,4.45,28.03,1310
62,0.21,0.56,2.5,29.37,2189
62,0.26,0.18,3.49,28.32,1357
61.29,0.25,0.21,1.78,28.64,1823
61.25,0.23,0.25,1.71,28.07,2200
55,0.26,0.16,0.39,28.07,7629
63,0.31,0.12,0.52,30.75,10049
63,0.31,0.12,0.37,30.75,9781
63,0.3,0.11,0.56,30.08,9682
63,0.29,0.11,0.97,29.41,9944
62.8,0.29,0.11,1.13,29.41,8438
63,0.31,0.12,0.58,30.75,5189
63,0.29,0.12,0.76,31.05,5919
63,0.31,0.12,0.67,30.75,6390
62,0.29,0.11,0.38,29.41,9165
62,0.29,0.11,0.52,29.41,5608
62,0.31,0.12,1.03,30.48,2465
63,0.29,0.11,0.21,29.41,7442
62,0.31,0.12,0.21,30.75,2228
63,0.29,0.11,0.57,29.41,6767
63,0.25,0.31,1.78,31.29,1590
63,0.31,0.12,0.05,30.75,21411
63,0.31,0.12,0.19,30.75,9720
63,0.31,0.12,2.35,30.75,4102
63,0.31,0.12,0.28,30.75,18510
63,0.31,0.12,0.39,30.75,20852
63,0.31,0.12,0.07,30.75,19189
63,0.26,0.12,0.39,31.36,8567
63,0.26,0.12,0.44,31.36,16326
63,0.2,0.5,0.53,32.1,7371
63,0.2,0.5,0.68,32.1,7160
63,0.17,0.62,0.5,31.37,6271
63,0.2,0.5,0.61,32.1,5270
63,0.2,0.5,0.78,32.1,3996
63,0.25,0.16,1.83,31.44,525
63,0.2,0.5,1.34,32.1,364
63,0.17,0.59,0.87,31.55,2036
63,0.17,0.62,0.72,31.37,6511
63,0.17,0.62,0.47,31.37,9160
63,0.19,0.55,0.31,31.31,15802
63,0.19,0.55,0.2,31.31,11067
63,0.19,0.55,0.21,31.31,19079
63,0.16,0.7,0.93,30.42,6933
63,0.17,0.62,1.42,31.37,1547
63,0.13,0.81,0.85,29.98,1196
63,0.2,0.59,0.33,30.85,14151
63,0.13,0.81,0.29,29.98,13490
63,0.19,0.55,0.2,31.31,15086
63,0.19,0.55,0.23,31.31,18860
63,0.19,0.55,0.3,31.31,19699
63,0.19,0.55,0.21,31.31,21706
63,0.13,0.81,0.19,29.98,20795
63,0.13,0.81,0.28,29.98,16914
63,0.13,0.81,0.23,29.98,19647
63,0.19,0.55,0.29,31.31,20629
63,0.19,0.55,0.3,31.31,12645
63,0.2,0.5,0.78,32.1,8858
63,0.19,0.55,0.22,31.31,11054
63,0.19,0.55,0.34,31.31,15303
63,0.19,0.55,0.42,31.31,15506
63,0.13,0.81,0.28,29.98,14736
63,0.19,0.55,0.28,31.31,20722
63,0.13,0.81,0.28,29.98,8123
63,0.19,0.55,0.28,31.31,24663
63,0.13,0.81,0.33,29.98,11500
63,0.15,0.73,0.62,30.42,10189
63,0.2,0.5,0.53,32.1,6039
63,0.13,0.81,0.2,29.98,3111
63,0.13,0.81,0.23,29.98,9699
63,0.16,0.66,2.12,31.09,162
63,0.13,0.81,0.5,29.98,14
63,0.16,0.61,0.74,31.32,9370
62,0.16,0.61,0.14,31.32,22257
62,0.16,0.61,0.37,31.32,13631
62,0.16,0.61,0.32,31.32,13684
62,0.16,0.61,0.47,31.32,14926
62,0.27,0.24,1.23,30.89,8820
62,0.16,0.61,0.93,31.32,10651
63,0.16,0.61,0.48,31.32,12651
63,0.16,0.61,0.3,31.32,7362
63,0.16,0.61,0.15,31.32,12170
62,0.16,0.61,0.16,31.32,16277
62,0.16,0.61,0.26,31.32,20001
63,0.16,0.61,0.24,31.32,15818
62,0.16,0.61,0.26,31.32,20467
62,0.16,0.61,0.05,31.32,26250
63,0.16,0.61,0.08,31.32,12221
62.5,0.16,0.61,0.22,31.32,13612
62,0.16,0.61,0.22,31.32,16540
63,0.16,0.61,0.18,31.32,11779
62,0.16,0.61,0.22,31.32,21163
63,0.16,0.61,0.16,31.32,20478
62,0.31,0.12,0.29,30.75,11352
63,0.2,0.58,1.03,31.37,6802
63,0.2,0.5,1.74,32.1,5022
63,0.2,0.5,0.5,32.1,26568
63,0.2,0.5,0.78,32.1,1972
63,0.2,0.58,0.21,31.37,24440
63,0.2,0.58,0.18,31.37,22477
63,0.2,0.58,0.19,31.37,30777
63,0.2,0.58,0.33,31.37,5266
63,0.2,0.58,0.21,31.37,13414
63,0.19,0.55,0.19,31.31,20133
63,0.2,0.58,0.25,31.37,11167
63,0.19,0.53,0.69,31.57,8165
63,0.19,0.55,0.28,31.31,10486
63,0.19,0.55,0.24,31.31,10447
63,0.2,0.5,2.34,32.1,1424
62,0.43,0.22,0.8,25.01,4682
62,0.45,0.2,1.68,24.72,3217
56.68,0.51,0.19,7.98,22.35,483
42,0.6,0.22,2.12,20.38,841
46.64,0.42,0.22,2.64,23.01,682
42,0.3,0.22,2.35,27.55,4195
41.44,0.31,0.2,2.36,27.47,4599
45,0.37,0.15,1.06,24.97,5099
47,0.33,0.18,1.33,26.64,3596
49,0.37,0.15,0.26,24.97,1617
45,0.31,0.2,0.16,27.47,419
62,0.25,0.25,1.36,27.16,2613
62.33,0.25,0.25,1.28,27.16,4456
62,0.26,0.24,1.38,27.19,3792
63,0.25,0.25,0.93,27.16,5381
62,0.25,0.25,0.83,27.16,2575
63,0.25,0.25,0.22,27.16,4237
63,0.25,0.25,0.25,27.16,3440
63,0.26,0.25,1.29,27.3,1213
62,0.27,0.2,0.75,27.31,389
41.5,0.27,0.14,2.16,26.91,4860
36.63,0.27,0.14,1.95,26.91,2648
55,0.27,0.13,1.09,26.19,8322
55,0.27,0.13,0.46,26.19,4758
55,0.27,0.13,0.69,26.19,914
62,0.28,0.14,2.41,27.59,2924
62,0.27,0.14,0.58,26.91,1676
55.6,0.26,0.21,1.1,26.67,3366
58,0.26,0.2,0.65,26.55,4643
55,0.26,0.2,0.18,26.55,2329
58,0.26,0.22,0.29,26.75,44
55,0.26,0.2,0.22,26.55,421
35.62,0.27,0.13,3.04,26.19,899
50,0.27,0.2,0.33,27.31,7047
61,0.24,0.1,0.91,30.79,6709
61,0.25,0.1,1.75,29.29,2156
61,0.23,0.1,0.17,31.79,10248
61.5,0.38,0.1,1.46,29.97,2548
61,0.23,0.1,1.42,31.79,2743
61,0.23,0.1,0.65,31.79,2526
61,0.23,0.1,0.41,31.79,2567
61,0.23,0.1,1.5,31.19,1242
56,0.25,0.35,2.43,31.42,1229
56,0.2,0.35,0.39,30.87,1038
60.5,0.17,0.42,0.99,33.42,5260
60.88,0.2,0.4,1.78,33.21,4066
62,0.2,0.4,0.32,33.21,2442
62,0.2,0.4,0.47,33.21,2096
62,0.2,0.4,0.53,33.21,3223
60,0.26,0.12,3.06,29.98,1356
54,0.26,0.12,1.78,29.98,5045
54.2,0.26,0.12,1.24,29.98,5063
50,0.29,0.12,1.42,29.85,2896
59,0.26,0.15,0.44,32.39,4442
45,0.28,0.12,0.38,33.07,9486
61.14,0.23,0.1,1.76,31.99,5801
62,0.28,0.12,0.52,33.07,6083
62,0.28,0.12,0.71,33.07,9722
63,0.15,0.43,0.57,30.31,2338
63,0.15,0.43,1.61,30.31,1837
63,0.15,0.43,0.89,30.31,993
63,0.15,0.43,1.24,30.31,32
63,0.23,0.28,1.28,30.35,2400
63,0.26,0.21,1.33,30.37,561
63,0.28,0.18,0.53,30.38,13460
63,0.28,0.18,1.17,30.38,1563
63,0.19,0.59,1.01,28.61,6116
63,0.19,0.59,0.44,28.61,7721
63,0.19,0.59,1.14,28.61,4820
63,0.19,0.59,0.59,28.61,11650
63,0.28,0.18,1.04,30.38,684
63,0.28,0.18,1.61,30.38,17
62.25,0.19,0.63,0.73,29.39,2239
63,0.22,0.4,1.3,30.87, -   
63,0.19,0.65,0.53,29.78,13982
63,0.17,0.62,1.24,31.37,10
62,0.19,0.65,0.79,29.78,42
63,0.17,0.62,0.57,31.37,6467
63,0.17,0.62,1.08,31.37,941
62.87,0.22,0.46,3.33,29.18,83
62.86,0.22,0.53,1.55,29.45,1508
62.5,0.19,0.65,1.03,29.78,4945
63,0.17,0.62,0.5,31.37,6988
63,0.19,0.65,0.83,29.78,8015
63,0.19,0.65,0.56,29.78,5595
63,0.13,0.81,0.21,29.98,8367
63,0.13,0.81,0.18,29.98,11834
63,0.13,0.81,0.34,29.98,10338
63,0.13,0.81,0.29,29.98,12342
63,0.16,0.41,3.46,30.15,1527
63,0.19,0.59,0.11,28.61,34301
63,0.19,0.59,0.09,28.61,30165
62,0.2,0.56,2.8,29.28,2165
63,0.17,0.62,0.02,31.37,39555
63,0.28,0.18,0.24,30.38,5200
63,0.19,0.65,0.75,29.78,5562
63,0.19,0.65,0.27,29.78,14861
63,0.19,0.65,0.3,29.78,14509
63,0.19,0.65,0.22,29.78,15128
63,0.17,0.62,0.52,31.37,11093
63,0.13,0.81,0.55,29.98,11318
63,0.13,0.81,0.81,29.98,2492
63,0.16,0.79,0.83,27.67,998
63,0.19,0.59,0.22,28.61,21132
63,0.19,0.59,0.31,28.61,21422
62,0.19,0.59,0.43,28.61,11432
62,0.23,0.43,0.55,29.21,3001
63,0.13,0.81,0.39,29.98,2741
63,0.17,0.39,1.63,30.32,3390
63,0.21,0.49,1.99,29.13,145
63,0.2,0.47,0.69,31.04,1639
63,0.28,0.18,0.7,30.38,1242
63,0.17,0.62,0.25,31.37,11549
63,0.22,0.3,0.3,30.34,15419
63,0.15,0.43,0.38,30.31,8611
63,0.24,0.32,0.29,28.7,15650
63,0.19,0.59,0.18,28.61,21004
63,0.19,0.59,0.18,28.61,25149
62.67,0.19,0.59,0.53,28.61,8806
63,0.19,0.59,0.4,28.61,9113
63,0.19,0.61,0.68,29,6439
63,0.17,0.62,0.25,31.37,11779
63,0.17,0.62,0.17,31.37,11519
62,0.19,0.65,0.91,29.78,8704
63,0.19,0.65,0.31,29.78,11491
63,0.17,0.62,0.38,31.37,6524
63,0.17,0.62,0.12,31.37,26994
63,0.17,0.62,0.24,31.37,8403
63,0.19,0.65,0.66,29.78,8462
63,0.19,0.65,0.17,29.78,13044
63,0.15,0.6,0.39,28.97,2123
63,0.15,0.6,0.8,28.97,3552
63,0.17,0.56,0.67,29.03,1744
63,0.17,0.75,0.82,28.37,3734
63,0.16,0.79,0.27,27.67,8222
63,0.17,0.62,0.17,31.37,15060
63,0.19,0.65,0.15,29.78,11998
63,0.17,0.62,0.1,31.37,13933
63,0.13,0.81,0.22,29.98,1613
63,0.19,0.65,0.25,29.78,11847
63,0.19,0.65,0.14,29.78,12228
63,0.17,0.62,0.2,31.37,17321
63,0.17,0.62,0.07,31.37,27629
62,0.25,0.18,0.14,28.39,9746
63,0.13,0.81,0.79,29.98,130
63,0.15,0.43,0.76,30.31,230
63,0.21,0.46,0.29,28.66,2689
63,0.19,0.59,0.37,28.61,21817
63,0.24,0.32,0.74,28.7,11801
63,0.24,0.32,0.56,28.7,16197
63,0.19,0.59,0.21,28.61,20107
60,0.23,0.43,0.58,29.21,575
63,0.19,0.65,0.24,29.78,13025
63,0.19,0.62,0.43,29.19,10875
62,0.23,0.43,0.79,29.21,6334
63,0.19,0.65,0.28,29.78,12112
63,0.19,0.65,0.37,29.78,10136
63,0.13,0.81,0.26,29.98,7209
62,0.24,0.35,0.4,28.94,16389
62,0.25,0.18,0.37,28.39,13553
62,0.2,0.49,1.7,28.55,887
63,0.28,0.18,0.23,30.38,6644
63,0.28,0.18,1.11,30.38,2275
63,0.15,0.8,3.68,27.96, -   
63,0.24,0.32,1.32,28.7, -   
60,0.25,0.18,1.83,28.39,3676
63,0.24,0.29,0.72,28.11,6564
63,0.25,0.18,0.96,28.39,5570
63,0.27,0.18,0.54,27.32,1077
63,0.14,0.66,0.51,31.95,10022
63,0.14,0.66,0.21,31.95,20704
63,0.14,0.66,0.16,31.95,13921
63,0.14,0.66,0.46,31.95,5621
63,0.14,0.66,0.52,31.95,12880
63,0.14,0.66,0.49,31.95,13427
63,0.14,0.66,0.21,31.95,20436
63,0.14,0.66,0.18,31.95,19672
63,0.14,0.66,0.12,31.95,17501
63,0.14,0.66,0.17,31.95,16206
63,0.14,0.66,0.21,31.95,18191
63,0.14,0.66,0.52,31.95,11364
60,0.14,0.66,0.32,31.95,17462
60,0.14,0.66,0.42,31.95,15633
60,0.14,0.66,0.49,31.95,14937
63,0.11,0.69,0.2,31.9,19394
63,0.14,0.66,0.16,31.95,19268
63,0.14,0.66,0.18,31.95,19812
60,0.14,0.66,0.54,31.95,11683
60,0.14,0.66,0.32,31.95,16538
60,0.27,0.66,0.49,31.29,14705
63,0.11,0.69,1.08,31.9,4062
63,0.11,0.69,0.16,31.9,18493
63,0.11,0.69,0.16,31.9,18180
63,0.11,0.69,0.23,31.9,16683
63,0.14,0.66,0.23,31.95,17380
63,0.14,0.66,0.19,31.95,16211
63,0.14,0.66,0.22,31.95,17236
63,0.11,0.69,0.31,31.9,14346
63,0.11,0.69,0.19,31.9,16792
63,0.11,0.69,0.19,31.9,15111
63,0.11,0.69,0.19,31.9,14352
63,0.12,0.55,0.35,31.95,21835
63,0.14,0.66,0.25,31.95,20145
63,0.11,0.69,0.17,31.9,18167
63,0.11,0.69,0.26,31.9,18281
63,0.11,0.69,0.23,31.9,17144
63,0.11,0.69,0.25,31.9,20120
63,0.11,0.69,0.26,31.9,12244
63,0.11,0.69,0.18,31.9,14091
63,0.12,0.55,0.18,31.95,12906
63,0.12,0.55,0.28,31.95,18624
63,0.14,0.66,0.22,31.95,17146
63,0.11,0.69,0.17,31.9,15001
63,0.11,0.69,0.3,31.9,11873
63,0.11,0.69,0.18,31.9,13913
63,0.11,0.69,0.2,31.9,11875
63,0.11,0.69,0.19,31.9,12927
63,0.11,0.69,0.18,31.9,16061
63,0.11,0.69,0.16,31.9,16256
63,0.11,0.69,0.18,31.9,11123
63,0.11,0.69,0.23,31.9,11725
63,0.17,0.44,1.43,31.53,3667
63,0.14,0.42,0.42,32.09,421
63,0.26,0.41,1.41,30.66,1179
63,0.14,0.66,0.29,31.95,17382
63,0.14,0.66,0.22,31.95,18792
63,0.11,0.69,0.12,31.9,19525
63,0.11,0.69,0.1,31.9,19451
60,0.14,0.66,0.21,31.95,16194
63,0.14,0.66,0.15,31.95,2996
63,0.14,0.66,0.45,31.95,10638
62,0.28,0.11,0.31,32.09,9963
62,0.32,0.11,1.3,31.71,2111
